-- MySQL dump 10.13  Distrib 8.0.32, for Win64 (x86_64)
--
-- Host: localhost    Database: ticketdb
-- ------------------------------------------------------
-- Server version	8.0.32

/*!40101 SET @OLD_CHARACTER_SET_CLIENT=@@CHARACTER_SET_CLIENT */;
/*!40101 SET @OLD_CHARACTER_SET_RESULTS=@@CHARACTER_SET_RESULTS */;
/*!40101 SET @OLD_COLLATION_CONNECTION=@@COLLATION_CONNECTION */;
/*!50503 SET NAMES utf8 */;
/*!40103 SET @OLD_TIME_ZONE=@@TIME_ZONE */;
/*!40103 SET TIME_ZONE='+00:00' */;
/*!40014 SET @OLD_UNIQUE_CHECKS=@@UNIQUE_CHECKS, UNIQUE_CHECKS=0 */;
/*!40014 SET @OLD_FOREIGN_KEY_CHECKS=@@FOREIGN_KEY_CHECKS, FOREIGN_KEY_CHECKS=0 */;
/*!40101 SET @OLD_SQL_MODE=@@SQL_MODE, SQL_MODE='NO_AUTO_VALUE_ON_ZERO' */;
/*!40111 SET @OLD_SQL_NOTES=@@SQL_NOTES, SQL_NOTES=0 */;

--
-- Table structure for table `coach`
--

DROP TABLE IF EXISTS `coach`;
/*!40101 SET @saved_cs_client     = @@character_set_client */;
/*!50503 SET character_set_client = utf8mb4 */;
CREATE TABLE `coach` (
  `id` int NOT NULL AUTO_INCREMENT,
  `name` varchar(45) CHARACTER SET utf8mb4 COLLATE utf8mb4_unicode_ci NOT NULL,
  `totalseat` int NOT NULL,
  `license_plates` varchar(45) CHARACTER SET utf8mb4 COLLATE utf8mb4_unicode_ci NOT NULL,
  PRIMARY KEY (`id`),
  UNIQUE KEY `license_plates_UNIQUE` (`license_plates`)
) ENGINE=InnoDB AUTO_INCREMENT=360 DEFAULT CHARSET=utf8mb4 COLLATE=utf8mb4_unicode_ci;
/*!40101 SET character_set_client = @saved_cs_client */;

--
-- Dumping data for table `coach`
--

LOCK TABLES `coach` WRITE;
/*!40000 ALTER TABLE `coach` DISABLE KEYS */;
INSERT INTO `coach` VALUES (1,'Phương Trang',45,'XE01'),(2,'Thành Bưởi',45,'XE02'),(5,'Nhat Doan',45,'XE03'),(6,'Mai Linh',45,'XE04'),(8,'VinFast',45,'XE05'),(9,'ABC',45,'XE06'),(266,'OP',45,'XE07'),(267,'Long Thành',45,'XE08'),(268,'BamBo',45,'XE09'),(269,'Hãng Xe 179',45,'XE10'),(270,'Hãng Xe 888',45,'XE11'),(271,'Hãng Xe 903',45,'XE12'),(272,'Hãng Xe 850',45,'XE13'),(273,'Hãng Xe 543',45,'XE14'),(274,'Hãng Xe 166',45,'XE15'),(275,'Hãng Xe 201',45,'XE16'),(276,'Hãng Xe 509',45,'XE17'),(277,'Hãng Xe 940',45,'XE18'),(278,'Hãng Xe 176',45,'XE19'),(279,'Hãng Xe 57',45,'XE20'),(280,'Hãng Xe 761',45,'XE21'),(281,'Hãng Xe 634',45,'XE22'),(282,'Hãng Xe 886',45,'XE23'),(283,'Hãng Xe 528',45,'XE24'),(284,'Hãng Xe 985',45,'XE25'),(285,'Hãng Xe 342',45,'XE26'),(286,'Hãng Xe 753',45,'XE27'),(287,'Hãng Xe 740',45,'XE28'),(288,'Hãng Xe 444',45,'XE29'),(289,'Hãng Xe 998',45,'XE30'),(290,'Hãng Xe 661',45,'XE31'),(291,'Hãng Xe 309',45,'XE32'),(292,'Hãng Xe 564',45,'XE33'),(293,'Hãng Xe 894',45,'XE34'),(294,'Hãng Xe 778',45,'XE35'),(295,'Hãng Xe 207',45,'XE36'),(296,'Hãng Xe 703',45,'XE37'),(297,'Hãng Xe 894',45,'XE38'),(298,'Hãng Xe 361',45,'XE39'),(299,'Hãng Xe 122',45,'XE40'),(300,'Hãng Xe 530',45,'XE41'),(301,'Hãng Xe 284',45,'XE42'),(302,'Hãng Xe 832',45,'XE43'),(303,'Hãng Xe 307',45,'XE44'),(304,'Hãng Xe 38',45,'XE45'),(305,'Hãng Xe 271',45,'XE46'),(306,'Hãng Xe 243',45,'XE47'),(307,'Hãng Xe 400',45,'XE48'),(308,'Hãng Xe 271',45,'XE49'),(309,'Hãng Xe 156',45,'XE50'),(310,'Hãng Xe 967',45,'XE51'),(311,'Hãng Xe 369',45,'XE52'),(312,'Hãng Xe 945',45,'XE53'),(313,'Hãng Xe 618',45,'XE54'),(314,'Hãng Xe 254',45,'XE55'),(315,'Hãng Xe 416',45,'XE56'),(316,'Hãng Xe 320',45,'XE57'),(317,'Hãng Xe 350',45,'XE58'),(318,'Hãng Xe 793',45,'XE59'),(319,'Hãng Xe 915',45,'XE60'),(320,'Hãng Xe 196',45,'XE61'),(321,'Hãng Xe 237',45,'XE62'),(322,'Hãng Xe 598',45,'XE63'),(323,'Hãng Xe 280',45,'XE64'),(324,'Hãng Xe 607',45,'XE65'),(325,'Hãng Xe 194',45,'XE66'),(326,'Hãng Xe 150',45,'XE67'),(327,'Hãng Xe 167',45,'XE68'),(328,'Hãng Xe 385',45,'XE69'),(329,'Hãng Xe 427',45,'XE70'),(330,'Hãng Xe 981',45,'XE71'),(331,'Hãng Xe 622',45,'XE72'),(332,'Hãng Xe 167',45,'XE73'),(333,'Hãng Xe 970',45,'XE74'),(334,'Hãng Xe 351',45,'XE75'),(335,'Hãng Xe 846',45,'XE76'),(336,'Hãng Xe 177',45,'XE77'),(337,'Hãng Xe 348',45,'XE78'),(338,'Hãng Xe 207',45,'XE79'),(339,'Hãng Xe 992',45,'XE80'),(340,'Hãng Xe 342',45,'XE81'),(341,'Hãng Xe 734',45,'XE82'),(342,'Hãng Xe 645',45,'XE83'),(343,'Hãng Xe 23',45,'XE84'),(344,'Hãng Xe 179',45,'XE85'),(345,'Hãng Xe 829',45,'XE86'),(346,'Hãng Xe 606',45,'XE87'),(347,'Hãng Xe 544',45,'XE88'),(348,'Hãng Xe 904',45,'XE89'),(349,'Hãng Xe 888',45,'XE90'),(350,'Hãng Xe 730',45,'XE91'),(351,'Hãng Xe 985',45,'XE92'),(352,'Hãng Xe 736',45,'XE93'),(353,'Hãng Xe 726',45,'XE94'),(354,'Hãng Xe 422',45,'XE95'),(355,'Hãng Xe 933',45,'XE96'),(356,'Hãng Xe 399',45,'XE97'),(357,'Hãng Xe 198',45,'XE98'),(358,'Hãng Xe 791',45,'XE99');
/*!40000 ALTER TABLE `coach` ENABLE KEYS */;
UNLOCK TABLES;

--
-- Table structure for table `feedback`
--

DROP TABLE IF EXISTS `feedback`;
/*!40101 SET @saved_cs_client     = @@character_set_client */;
/*!50503 SET character_set_client = utf8mb4 */;
CREATE TABLE `feedback` (
  `id` int NOT NULL AUTO_INCREMENT,
  `id_customer` int NOT NULL,
  `id_trip` int NOT NULL,
  `rate` int DEFAULT NULL,
  `comment` varchar(250) CHARACTER SET utf8mb4 COLLATE utf8mb4_unicode_ci DEFAULT NULL,
  `created_date` datetime DEFAULT CURRENT_TIMESTAMP,
  PRIMARY KEY (`id`),
  KEY `FK_FEEDBACK_CUSTOMER_idx` (`id_customer`),
  KEY `FK_FEEDBACK_TRIP_idx` (`id_trip`),
  CONSTRAINT `FK_FEEDBACK_CUSTOMER` FOREIGN KEY (`id_customer`) REFERENCES `user` (`id`),
  CONSTRAINT `FK_FEEDBACK_TRIP` FOREIGN KEY (`id_trip`) REFERENCES `trip` (`id`)
) ENGINE=InnoDB AUTO_INCREMENT=224 DEFAULT CHARSET=utf8mb4 COLLATE=utf8mb4_unicode_ci;
/*!40101 SET character_set_client = @saved_cs_client */;

--
-- Dumping data for table `feedback`
--

LOCK TABLES `feedback` WRITE;
/*!40000 ALTER TABLE `feedback` DISABLE KEYS */;
INSERT INTO `feedback` VALUES (1,4,1,5,'Good','2022-09-01 09:45:46'),(2,4,4,NULL,'Chất lượng phục vụ tốt','2022-10-11 01:36:54'),(3,4,1,NULL,'Chuyến xe đầy đủ tiện nghi','2022-10-11 01:37:03'),(4,4,3,5,'Giá cả hợp lý','2022-10-11 09:49:02'),(5,4,1,NULL,'Chất lượng phục vụ tốt','2022-10-11 09:49:08'),(6,5,2,NULL,'Chuyến đi vui vẻ','2022-10-11 09:49:16'),(7,4,1,NULL,'Tài xế thân thiện','2022-10-11 09:49:27'),(8,5,2,NULL,'Chuyến xe đầy đủ tiện nghi','2022-10-11 09:49:30'),(9,4,1,NULL,'Chuyến đi vui vẻ','2022-10-11 09:50:01'),(10,4,2,NULL,'Thú vị','2022-10-11 09:50:11'),(11,4,1,NULL,'Tuyệt vời','2022-10-12 15:57:32'),(12,5,2,NULL,'Good','2022-10-12 22:23:31'),(13,4,1,NULL,'Giá cả hợp lý','2022-10-13 01:02:13'),(14,4,3,NULL,'Trải nghiệm tốt','2022-10-13 01:02:17'),(15,5,1,NULL,'Like','2022-10-13 01:40:25'),(17,2,12,NULL,'Chuyến xe an toàn','2022-10-28 15:17:54'),(18,1048,12,NULL,'oke','2023-10-19 22:19:23'),(19,437,2,5,'Chuyến xe rất tốt và thoải mái','2023-10-10 21:21:07'),(20,338,12,8,'Chuyến xe rất tốt và thoải mái','2023-10-15 21:21:07'),(21,430,12,6,'Chuyến xe rất tốt và thoải mái','2023-10-27 21:21:07'),(23,1,2,NULL,'Chuyến đi rất thoải mái.','2023-10-27 21:34:43'),(24,1,2,NULL,'Chuyến đi rất thoải mái.','2023-10-27 21:34:56'),(26,48,11,NULL,'Chuyến đi rất thoải mái.','2023-10-27 21:37:58'),(27,147,16,NULL,'Chuyến đi rất thoải mái.','2023-10-27 21:37:58'),(28,65,16,NULL,'Chuyến đi rất thoải mái.','2023-10-27 21:37:58'),(29,457,6,NULL,'Chuyến đi rất thoải mái.','2023-10-27 21:37:58'),(30,529,12,NULL,'Chuyến đi rất thoải mái.','2023-10-27 21:37:58'),(31,315,12,NULL,'Chuyến đi rất thoải mái.','2023-10-27 21:37:58'),(32,108,2,NULL,'Chuyến đi rất thoải mái.','2023-10-27 21:37:58'),(33,92,16,NULL,'Chuyến đi rất thoải mái.','2023-10-27 21:37:58'),(34,337,10,NULL,'Chuyến đi rất thoải mái.','2023-10-27 21:37:58'),(35,525,8,NULL,'Chuyến đi rất thoải mái.','2023-10-27 21:37:58'),(41,744,9,NULL,'Chuyến đi rất thoải mái.','2023-10-27 21:38:11'),(42,96,4,NULL,'Chuyến đi rất thoải mái.','2023-10-27 21:38:11'),(43,317,1,NULL,'Chuyến đi rất thoải mái.','2023-10-27 21:38:11'),(44,36,3,NULL,'Chuyến đi rất thoải mái.','2023-10-27 21:38:11'),(45,675,5,NULL,'Chuyến đi rất thoải mái.','2023-10-27 21:38:11'),(46,994,16,NULL,'Chuyến đi rất thoải mái.','2023-10-27 21:38:11'),(47,9,6,NULL,'Chuyến đi rất thoải mái.','2023-10-27 21:38:11'),(48,285,9,NULL,'Chuyến đi rất thoải mái.','2023-10-27 21:38:11'),(49,65,16,NULL,'Chuyến đi rất thoải mái.','2023-10-27 21:38:11'),(50,94,1,NULL,'Chuyến đi rất thoải mái.','2023-10-27 21:38:11'),(56,431,9,NULL,'Chuyến đi rất thoải mái.','2023-10-27 21:38:12'),(57,433,8,NULL,'Chuyến đi rất thoải mái.','2023-10-27 21:38:12'),(58,242,11,NULL,'Chuyến đi rất thoải mái.','2023-10-27 21:38:12'),(59,290,3,NULL,'Chuyến đi rất thoải mái.','2023-10-27 21:38:12'),(60,216,10,NULL,'Chuyến đi rất thoải mái.','2023-10-27 21:38:12'),(61,458,9,NULL,'Chuyến đi rất thoải mái.','2023-10-27 21:38:12'),(62,14,4,NULL,'Chuyến đi rất thoải mái.','2023-10-27 21:38:12'),(63,337,4,NULL,'Chuyến đi rất thoải mái.','2023-10-27 21:38:12'),(64,93,3,NULL,'Chuyến đi rất thoải mái.','2023-10-27 21:38:12'),(65,524,10,NULL,'Chuyến đi rất thoải mái.','2023-10-27 21:38:12'),(71,681,5,NULL,'Chuyến đi rất thoải mái.','2023-10-27 21:38:13'),(72,339,4,NULL,'Chuyến đi rất thoải mái.','2023-10-27 21:38:13'),(73,681,8,NULL,'Chuyến đi rất thoải mái.','2023-10-27 21:38:13'),(74,675,8,NULL,'Chuyến đi rất thoải mái.','2023-10-27 21:38:13'),(75,634,3,NULL,'Chuyến đi rất thoải mái.','2023-10-27 21:38:13'),(76,90,7,NULL,'Chuyến đi rất thoải mái.','2023-10-27 21:38:13'),(77,995,6,NULL,'Chuyến đi rất thoải mái.','2023-10-27 21:38:13'),(78,289,1,NULL,'Chuyến đi rất thoải mái.','2023-10-27 21:38:13'),(79,96,11,NULL,'Chuyến đi rất thoải mái.','2023-10-27 21:38:13'),(80,748,11,NULL,'Chuyến đi rất thoải mái.','2023-10-27 21:38:13'),(86,336,9,NULL,'Chuyến đi rất thoải mái.','2023-10-27 21:38:14'),(87,288,9,NULL,'Chuyến đi rất thoải mái.','2023-10-27 21:38:14'),(88,438,2,NULL,'Chuyến đi rất thoải mái.','2023-10-27 21:38:14'),(89,681,10,NULL,'Chuyến đi rất thoải mái.','2023-10-27 21:38:14'),(90,29,10,NULL,'Chuyến đi rất thoải mái.','2023-10-27 21:38:14'),(91,107,3,NULL,'Chuyến đi rất thoải mái.','2023-10-27 21:38:14'),(92,59,12,NULL,'Chuyến đi rất thoải mái.','2023-10-27 21:38:14'),(93,630,10,NULL,'Chuyến đi rất thoải mái.','2023-10-27 21:38:14'),(94,677,6,NULL,'Chuyến đi rất thoải mái.','2023-10-27 21:38:14'),(95,631,7,NULL,'Chuyến đi rất thoải mái.','2023-10-27 21:38:14'),(102,679,10,NULL,'Chuyến đi rất thoải mái.','2023-10-27 21:38:14'),(103,523,5,NULL,'Chuyến đi rất thoải mái.','2023-10-27 21:38:14'),(104,213,5,NULL,'Chuyến đi rất thoải mái.','2023-10-27 21:38:14'),(105,150,6,NULL,'Chuyến đi rất thoải mái.','2023-10-27 21:38:14'),(106,31,5,NULL,'Chuyến đi rất thoải mái.','2023-10-27 21:38:14'),(107,48,8,NULL,'Chuyến đi rất thoải mái.','2023-10-27 21:38:14'),(108,217,4,NULL,'Chuyến đi rất thoải mái.','2023-10-27 21:38:14'),(109,249,9,NULL,'Chuyến đi rất thoải mái.','2023-10-27 21:38:14'),(116,143,3,NULL,'Chuyến đi rất thoải mái.','2023-10-27 21:38:15'),(117,438,4,NULL,'Chuyến đi rất thoải mái.','2023-10-27 21:38:15'),(118,335,9,NULL,'Chuyến đi rất thoải mái.','2023-10-27 21:38:15'),(119,35,6,NULL,'Chuyến đi rất thoải mái.','2023-10-27 21:38:15'),(120,309,5,NULL,'Chuyến đi rất thoải mái.','2023-10-27 21:38:15'),(121,1052,1,NULL,'Chuyến đi rất thoải mái.','2023-10-27 21:38:15'),(122,679,8,NULL,'Chuyến đi rất thoải mái.','2023-10-27 21:38:15'),(123,246,5,NULL,'Chuyến đi rất thoải mái.','2023-10-27 21:38:15'),(124,524,7,NULL,'Chuyến đi rất thoải mái.','2023-10-27 21:38:15'),(125,331,6,NULL,'Chuyến đi rất thoải mái.','2023-10-27 21:38:15'),(131,772,16,NULL,'Chuyến đi rất thoải mái.','2023-10-27 21:38:15'),(133,66,11,NULL,'Chuyến đi rất thoải mái.','2023-10-27 21:38:15'),(134,16,9,NULL,'Chuyến đi rất thoải mái.','2023-10-27 21:38:15'),(135,52,2,NULL,'Chuyến đi rất thoải mái.','2023-10-27 21:38:15'),(136,462,7,NULL,'Chuyến đi rất thoải mái.','2023-10-27 21:38:15'),(137,37,16,NULL,'Chuyến đi rất thoải mái.','2023-10-27 21:38:15'),(138,339,11,NULL,'Chuyến đi rất thoải mái.','2023-10-27 21:38:15'),(139,393,12,NULL,'Chuyến đi rất thoải mái.','2023-10-27 21:38:15'),(140,386,8,NULL,'Chuyến đi rất thoải mái.','2023-10-27 21:38:15'),(146,109,8,NULL,'Chuyến đi rất thoải mái.','2023-10-27 21:38:16'),(147,192,4,NULL,'Chuyến đi rất thoải mái.','2023-10-27 21:38:16'),(148,748,10,NULL,'Chuyến đi rất thoải mái.','2023-10-27 21:38:16'),(149,774,3,NULL,'Chuyến đi rất thoải mái.','2023-10-27 21:38:16'),(150,749,6,NULL,'Chuyến đi rất thoải mái.','2023-10-27 21:38:16'),(151,318,7,NULL,'Chuyến đi rất thoải mái.','2023-10-27 21:38:16'),(152,97,10,NULL,'Chuyến đi rất thoải mái.','2023-10-27 21:38:16'),(153,241,6,NULL,'Chuyến đi rất thoải mái.','2023-10-27 21:38:16'),(154,311,9,NULL,'Chuyến đi rất thoải mái.','2023-10-27 21:38:16'),(155,316,12,NULL,'Chuyến đi rất thoải mái.','2023-10-27 21:38:16'),(161,285,12,NULL,'Chuyến đi rất thoải mái.','2023-10-27 21:38:16'),(162,683,5,NULL,'Chuyến đi rất thoải mái.','2023-10-27 21:38:16'),(163,59,1,NULL,'Chuyến đi rất thoải mái.','2023-10-27 21:38:16'),(164,454,9,NULL,'Chuyến đi rất thoải mái.','2023-10-27 21:38:16'),(165,180,8,NULL,'Chuyến đi rất thoải mái.','2023-10-27 21:38:16'),(166,857,1,NULL,'Chuyến đi rất thoải mái.','2023-10-27 21:38:16'),(167,310,9,NULL,'Chuyến đi rất thoải mái.','2023-10-27 21:38:16'),(168,77,12,NULL,'Chuyến đi rất thoải mái.','2023-10-27 21:38:16'),(169,49,3,NULL,'Chuyến đi rất thoải mái.','2023-10-27 21:38:16'),(170,315,12,NULL,'Chuyến đi rất thoải mái.','2023-10-27 21:38:16'),(176,1,7,NULL,'Chuyến đi rất thoải mái.','2023-10-27 21:38:17'),(177,112,11,NULL,'Chuyến đi rất thoải mái.','2023-10-27 21:38:17'),(178,316,8,NULL,'Chuyến đi rất thoải mái.','2023-10-27 21:38:17'),(179,247,3,NULL,'Chuyến đi rất thoải mái.','2023-10-27 21:38:17'),(180,76,3,NULL,'Chuyến đi rất thoải mái.','2023-10-27 21:38:17'),(181,80,12,NULL,'Chuyến đi rất thoải mái.','2023-10-27 21:38:17'),(182,97,3,NULL,'Chuyến đi rất thoải mái.','2023-10-27 21:38:17'),(183,240,4,NULL,'Chuyến đi rất thoải mái.','2023-10-27 21:38:17'),(184,14,10,NULL,'Chuyến đi rất thoải mái.','2023-10-27 21:38:17'),(185,33,11,NULL,'Chuyến đi rất thoải mái.','2023-10-27 21:38:17'),(194,1048,110,NULL,'tốt','2023-11-08 21:28:04'),(196,50,6,8,'Chuyến đi rất thoải mái.','2023-10-31 21:44:08'),(220,1,1,5,'Chuyến đi rất tuyệt vời, tôi rất hài lòng.','2023-12-06 00:00:00'),(221,2,2,4,'Chuyến đi khá ổn, nhưng tôi mong muốn có nhiều hoạt động hơn.','2023-12-11 00:00:00'),(222,181,110,5,'Chuyến đi rất tuyệt vời, tôi rất hài lòng.','2023-12-06 00:00:00'),(223,2,2,4,'Chuyến đi khá ổn, nhưng tôi mong muốn có nhiều hoạt động hơn.','2023-12-11 00:00:00');
/*!40000 ALTER TABLE `feedback` ENABLE KEYS */;
UNLOCK TABLES;

--
-- Table structure for table `route`
--

DROP TABLE IF EXISTS `route`;
/*!40101 SET @saved_cs_client     = @@character_set_client */;
/*!50503 SET character_set_client = utf8mb4 */;
CREATE TABLE `route` (
  `id` int NOT NULL AUTO_INCREMENT,
  `start` varchar(45) CHARACTER SET utf8mb4 COLLATE utf8mb4_unicode_ci NOT NULL,
  `end` varchar(45) CHARACTER SET utf8mb4 COLLATE utf8mb4_unicode_ci NOT NULL,
  PRIMARY KEY (`id`)
) ENGINE=InnoDB AUTO_INCREMENT=446 DEFAULT CHARSET=utf8mb4 COLLATE=utf8mb4_unicode_ci;
/*!40101 SET character_set_client = @saved_cs_client */;

--
-- Dumping data for table `route`
--

LOCK TABLES `route` WRITE;
/*!40000 ALTER TABLE `route` DISABLE KEYS */;
INSERT INTO `route` VALUES (1,'Hồ Chí Minh','Đà Lạt'),(2,'Hà Nội','Hồ Chí Minh'),(3,'Cần Thơ ','Hồ Chí Minh'),(4,'Hồ Chí Minh','Vũng Tàu'),(5,'Hà Nội','Hải Phòng'),(8,'Việt Nam','Mỹ'),(10,'Cần Thơ','Long An'),(316,'Hồ Chí Minh','Hà Nội'),(317,'Hồ Chí Minh','Nha Trang'),(318,'Hà Nội','Đà Nẵng'),(319,'Hồ Chí Minh','Phan Thiết'),(320,'Huế','Cần Thơ'),(321,'Vũng Tàu','Sapa'),(322,'Vũng Tàu','Phú Quốc'),(323,'Cần Thơ','Phan Thiết'),(324,'Vũng Tàu','Đà Lạt'),(325,'Huế','Hồ Chí Minh'),(326,'Đà Nẵng','Hà Nội'),(327,'Đà Lạt','Cần Thơ'),(328,'Đà Nẵng','Phan Thiết'),(329,'Phú Quốc','Đà Nẵng'),(330,'Phan Thiết','Hạ Long'),(331,'Hạ Long','Cần Thơ'),(332,'Hạ Long','Huế'),(333,'Đà Nẵng','Đà Lạt'),(334,'Hà Nội','Huế'),(335,'Đà Lạt','Hồ Chí Minh'),(336,'Hồ Chí Minh','Vũng Tàu'),(337,'Đà Nẵng','Phú Quốc'),(338,'Sapa','Hà Nội'),(339,'Hà Nội','Sapa'),(340,'Phan Thiết','Cần Thơ'),(341,'Hà Nội','Hà Nội'),(342,'Nha Trang','Huế'),(343,'Cần Thơ','Vũng Tàu'),(344,'Đà Nẵng','Đà Nẵng'),(345,'Sapa','Huế'),(346,'Phú Quốc','Hà Nội'),(347,'Cần Thơ','Hà Nội'),(348,'Đà Nẵng','Sapa'),(349,'Đà Nẵng','Hạ Long'),(350,'Nha Trang','Hạ Long'),(351,'Hồ Chí Minh','Nha Trang'),(352,'Hồ Chí Minh','Đà Lạt'),(353,'Vũng Tàu','Vũng Tàu'),(354,'Cần Thơ','Phú Quốc'),(355,'Sapa','Đà Nẵng'),(356,'Cần Thơ','Đà Nẵng'),(357,'Huế','Đà Lạt'),(358,'Cần Thơ','Hạ Long'),(359,'Hà Nội','Vũng Tàu'),(360,'Cần Thơ','Đà Lạt'),(361,'Huế','Hà Nội'),(362,'Hạ Long','Nha Trang'),(363,'Nha Trang','Phan Thiết'),(364,'Đà Nẵng','Nha Trang'),(365,'Vũng Tàu','Hạ Long'),(366,'Hồ Chí Minh','Cần Thơ'),(367,'Vũng Tàu','Nha Trang'),(368,'Phú Quốc','Nha Trang'),(369,'Cần Thơ','Huế'),(370,'Sapa','Đà Lạt'),(371,'Vũng Tàu','Hà Nội'),(372,'Đà Lạt','Hạ Long'),(373,'Huế','Sapa'),(374,'Cần Thơ','Cần Thơ'),(375,'Đà Lạt','Huế'),(376,'Hồ Chí Minh','Huế'),(377,'Hạ Long','Sapa'),(378,'Sapa','Phú Quốc'),(379,'Đà Lạt','Sapa'),(380,'Vũng Tàu','Phan Thiết'),(381,'Nha Trang','Nha Trang'),(382,'Hạ Long','Hà Nội'),(383,'Nha Trang','Hà Nội'),(384,'Hà Nội','Hạ Long'),(385,'Đà Lạt','Phú Quốc'),(386,'Đà Nẵng','Vũng Tàu'),(387,'Nha Trang','Hồ Chí Minh'),(388,'Hà Nội','Nha Trang'),(389,'Huế','Vũng Tàu'),(390,'Hồ Chí Minh','Hồ Chí Minh'),(391,'Hà Nội','Phan Thiết'),(392,'Hồ Chí Minh','Hạ Long'),(393,'Phan Thiết','Đà Nẵng'),(394,'Đà Lạt','Đà Lạt'),(395,'Phú Quốc','Hạ Long'),(396,'Phú Quốc','Vũng Tàu'),(397,'Huế','Đà Nẵng'),(398,'Hà Nội','Đà Lạt'),(399,'Hồ Chí Minh','Hà Nội'),(400,'Sapa','Nha Trang'),(401,'Vũng Tàu','Cần Thơ'),(402,'Đà Lạt','Vũng Tàu'),(403,'Sapa','Cần Thơ'),(404,'Phan Thiết','Hồ Chí Minh'),(405,'Đà Lạt','Hà Nội'),(406,'Phan Thiết','Hà Nội'),(407,'Phú Quốc','Hồ Chí Minh'),(408,'Hồ Chí Minh','Phú Quốc'),(409,'Phan Thiết','Đà Lạt'),(410,'Sapa','Sapa'),(411,'Phan Thiết','Nha Trang'),(412,'Hạ Long','Đà Nẵng'),(413,'Hạ Long','Phú Quốc'),(414,'Sapa','Hồ Chí Minh'),(415,'Đà Lạt','Phan Thiết'),(416,'Vũng Tàu','Đà Nẵng'),(417,'Phú Quốc','Phú Quốc');
/*!40000 ALTER TABLE `route` ENABLE KEYS */;
UNLOCK TABLES;

--
-- Table structure for table `seat`
--

DROP TABLE IF EXISTS `seat`;
/*!40101 SET @saved_cs_client     = @@character_set_client */;
/*!50503 SET character_set_client = utf8mb4 */;
CREATE TABLE `seat` (
  `id` int NOT NULL AUTO_INCREMENT,
  `id_coach` int NOT NULL,
  `name` varchar(10) CHARACTER SET utf8mb4 COLLATE utf8mb4_unicode_ci NOT NULL,
  PRIMARY KEY (`id`),
  KEY `FK_COACH_idx` (`id_coach`),
  CONSTRAINT `FK_COACH` FOREIGN KEY (`id_coach`) REFERENCES `coach` (`id`)
) ENGINE=InnoDB AUTO_INCREMENT=239 DEFAULT CHARSET=utf8mb4 COLLATE=utf8mb4_unicode_ci;
/*!40101 SET character_set_client = @saved_cs_client */;

--
-- Dumping data for table `seat`
--

LOCK TABLES `seat` WRITE;
/*!40000 ALTER TABLE `seat` DISABLE KEYS */;
INSERT INTO `seat` VALUES (1,1,'A01'),(2,1,'A02'),(3,1,'A03'),(4,1,'A04'),(5,2,'A01'),(6,2,'A02'),(7,2,'B01'),(8,2,'B02'),(9,2,'A03'),(104,5,'A01'),(105,5,'A02'),(106,5,'A03'),(107,5,'A04'),(108,5,'A05'),(109,5,'A06'),(110,5,'A07'),(111,5,'A08'),(112,5,'A09'),(113,5,'A10'),(114,5,'A11'),(115,5,'A12'),(116,5,'A13'),(117,5,'A14'),(118,5,'A15'),(119,5,'A16'),(120,5,'A17'),(121,5,'A18'),(122,5,'A19'),(123,5,'A20'),(124,5,'A21'),(125,5,'A22'),(126,5,'A23'),(127,5,'A24'),(128,5,'A25'),(129,5,'A26'),(130,5,'A27'),(131,5,'A28'),(132,5,'A29'),(133,5,'A30'),(134,5,'A31'),(135,5,'A32'),(136,5,'A33'),(137,5,'A34'),(138,5,'A35'),(139,5,'A36'),(140,5,'A37'),(141,5,'A38'),(142,5,'A39'),(143,5,'A40'),(144,5,'A41'),(145,5,'A42'),(146,5,'A43'),(147,5,'A44'),(148,5,'A45'),(149,1,'A01'),(150,1,'A02'),(151,1,'A03'),(152,1,'A04'),(153,1,'A05'),(154,1,'A06'),(155,1,'A07'),(156,1,'A08'),(157,1,'A09'),(158,1,'A10'),(159,1,'A11'),(160,1,'A12'),(161,1,'A13'),(162,1,'A14'),(163,1,'A15'),(164,1,'A16'),(165,1,'A17'),(166,1,'A18'),(167,1,'A19'),(168,1,'A20'),(169,1,'A21'),(170,1,'A22'),(171,1,'A23'),(172,1,'A24'),(173,1,'A25'),(174,1,'A26'),(175,1,'A27'),(176,1,'A28'),(177,1,'A29'),(178,1,'A30'),(179,1,'A31'),(180,1,'A32'),(181,1,'A33'),(182,1,'A34'),(183,1,'A35'),(184,1,'A36'),(185,1,'A37'),(186,1,'A38'),(187,1,'A39'),(188,1,'A40'),(189,1,'A41'),(190,1,'A42'),(191,1,'A43'),(192,1,'A44'),(193,1,'A45'),(194,2,'A01'),(195,2,'A02'),(196,2,'A03'),(197,2,'A04'),(198,2,'A05'),(199,2,'A06'),(200,2,'A07'),(201,2,'A08'),(202,2,'A09'),(203,2,'A10'),(204,2,'A11'),(205,2,'A12'),(206,2,'A13'),(207,2,'A14'),(208,2,'A15'),(209,2,'A16'),(210,2,'A17'),(211,2,'A18'),(212,2,'A19'),(213,2,'A20'),(214,2,'A21'),(215,2,'A22'),(216,2,'A23'),(217,2,'A24'),(218,2,'A25'),(219,2,'A26'),(220,2,'A27'),(221,2,'A28'),(222,2,'A29'),(223,2,'A30'),(224,2,'A31'),(225,2,'A32'),(226,2,'A33'),(227,2,'A34'),(228,2,'A35'),(229,2,'A36'),(230,2,'A37'),(231,2,'A38'),(232,2,'A39'),(233,2,'A40'),(234,2,'A41'),(235,2,'A42'),(236,2,'A43'),(237,2,'A44'),(238,2,'A45');
/*!40000 ALTER TABLE `seat` ENABLE KEYS */;
UNLOCK TABLES;

--
-- Table structure for table `ticket`
--

DROP TABLE IF EXISTS `ticket`;
/*!40101 SET @saved_cs_client     = @@character_set_client */;
/*!50503 SET character_set_client = utf8mb4 */;
CREATE TABLE `ticket` (
  `id` int NOT NULL AUTO_INCREMENT,
  `id_user_login` int DEFAULT NULL,
  `id_customer_new` int NOT NULL,
  `id_trip` int NOT NULL,
  `book_date` datetime DEFAULT CURRENT_TIMESTAMP,
  `payment_method` varchar(45) CHARACTER SET utf8mb4 COLLATE utf8mb4_unicode_ci DEFAULT NULL,
  `payment_date` datetime DEFAULT NULL,
  `payment_content` varchar(250) CHARACTER SET utf8mb4 COLLATE utf8mb4_unicode_ci DEFAULT NULL,
  `status_ticket` varchar(45) CHARACTER SET utf8mb4 COLLATE utf8mb4_unicode_ci DEFAULT NULL,
  PRIMARY KEY (`id`),
  KEY `FK_TICKET_EMPLOYEE_idx` (`id_user_login`),
  KEY `FK_TICKET_CUSTOMER_idx` (`id_customer_new`),
  KEY `FK_TICKET_TRIP_idx` (`id_trip`),
  CONSTRAINT `FK_TICKET_CUSTOMER` FOREIGN KEY (`id_customer_new`) REFERENCES `user` (`id`),
  CONSTRAINT `FK_TICKET_EMPLOYEE` FOREIGN KEY (`id_user_login`) REFERENCES `user` (`id`),
  CONSTRAINT `FK_TICKET_TRIP` FOREIGN KEY (`id_trip`) REFERENCES `trip` (`id`)
) ENGINE=InnoDB AUTO_INCREMENT=12 DEFAULT CHARSET=utf8mb4 COLLATE=utf8mb4_unicode_ci;
/*!40101 SET character_set_client = @saved_cs_client */;

--
-- Dumping data for table `ticket`
--

LOCK TABLES `ticket` WRITE;
/*!40000 ALTER TABLE `ticket` DISABLE KEYS */;
INSERT INTO `ticket` VALUES (1,2,9,12,'2022-11-01 15:27:00','Trực tiếp','2022-11-01 15:39:00',NULL,'Ðã thanh toán'),(2,2,10,11,'2022-11-01 15:41:00','MoMo','2022-11-01 15:41:00',NULL,'Ðã thanh toán'),(8,1048,1055,110,'2023-11-07 18:44:00','MoMo','2023-11-07 18:44:00',NULL,'Ðã thanh toán'),(9,11,5,91,'2023-06-20 22:05:18','Trực tiếp','2023-08-24 22:05:18','PaymentContent1','Chưa thanh toán');
/*!40000 ALTER TABLE `ticket` ENABLE KEYS */;
UNLOCK TABLES;

--
-- Table structure for table `ticket_detail`
--

DROP TABLE IF EXISTS `ticket_detail`;
/*!40101 SET @saved_cs_client     = @@character_set_client */;
/*!50503 SET character_set_client = utf8mb4 */;
CREATE TABLE `ticket_detail` (
  `id_ticket_detail` int NOT NULL AUTO_INCREMENT,
  `id_ticket` int NOT NULL,
  `id_seat` int NOT NULL,
  `price_seat` decimal(10,0) DEFAULT NULL,
  `status_seat` tinyint(1) DEFAULT NULL,
  PRIMARY KEY (`id_ticket_detail`),
  KEY `FK_TICKET_idx` (`id_ticket`),
  KEY `FK_TICKET_SEAT_idx` (`id_seat`),
  CONSTRAINT `FK_TICKET` FOREIGN KEY (`id_ticket`) REFERENCES `ticket` (`id`),
  CONSTRAINT `FK_TICKET_SEAT` FOREIGN KEY (`id_seat`) REFERENCES `seat` (`id`)
) ENGINE=InnoDB AUTO_INCREMENT=12 DEFAULT CHARSET=utf8mb4 COLLATE=utf8mb4_unicode_ci;
/*!40101 SET character_set_client = @saved_cs_client */;

--
-- Dumping data for table `ticket_detail`
--

LOCK TABLES `ticket_detail` WRITE;
/*!40000 ALTER TABLE `ticket_detail` DISABLE KEYS */;
INSERT INTO `ticket_detail` VALUES (1,1,105,150000,1),(2,1,104,150000,1),(3,2,7,0,1);
/*!40000 ALTER TABLE `ticket_detail` ENABLE KEYS */;
UNLOCK TABLES;

--
-- Table structure for table `trip`
--

DROP TABLE IF EXISTS `trip`;
/*!40101 SET @saved_cs_client     = @@character_set_client */;
/*!50503 SET character_set_client = utf8mb4 */;
CREATE TABLE `trip` (
  `id` int NOT NULL AUTO_INCREMENT,
  `name` varchar(45) CHARACTER SET utf8mb4 COLLATE utf8mb4_unicode_ci DEFAULT NULL,
  `image` varchar(150) CHARACTER SET utf8mb4 COLLATE utf8mb4_unicode_ci DEFAULT NULL,
  `start_time` datetime DEFAULT NULL,
  `price` decimal(10,0) NOT NULL,
  `id_driver` int DEFAULT NULL,
  `id_coach` int DEFAULT NULL,
  `id_route` int DEFAULT NULL,
  PRIMARY KEY (`id`),
  KEY `FK_TRIP_USER_idx` (`id_driver`),
  KEY `FK_TRIP_COACH_idx` (`id_coach`),
  KEY `FK_TRIP_ROUTE_idx` (`id_route`),
  CONSTRAINT `FK_TRIP_COACH` FOREIGN KEY (`id_coach`) REFERENCES `coach` (`id`),
  CONSTRAINT `FK_TRIP_ROUTE` FOREIGN KEY (`id_route`) REFERENCES `route` (`id`),
  CONSTRAINT `FK_TRIP_USER_2` FOREIGN KEY (`id_driver`) REFERENCES `user` (`id`)
) ENGINE=InnoDB AUTO_INCREMENT=118 DEFAULT CHARSET=utf8mb4 COLLATE=utf8mb4_unicode_ci;
/*!40101 SET character_set_client = @saved_cs_client */;

--
-- Dumping data for table `trip`
--

LOCK TABLES `trip` WRITE;
/*!40000 ALTER TABLE `trip` DISABLE KEYS */;
INSERT INTO `trip` VALUES (1,'Hồ Chí Minh - Đà Lạt','https://res.cloudinary.com/doe6rzwse/image/upload/v1661163654/busApp/hn-hcm_j9jqmm.jpg','2023-09-01 10:30:00',300000,3,1,1),(2,'Hà Nội - Hồ Chí Minh','https://res.cloudinary.com/doe6rzwse/image/upload/v1661163654/busApp/hn-hcm_j9jqmm.jpg','2023-09-02 09:30:00',500000,3,2,2),(3,'Hồ Chí Minh - Đà Lạt','https://res.cloudinary.com/doe6rzwse/image/upload/v1661163654/busApp/hn-hcm_j9jqmm.jpg','2023-10-28 00:35:00',50000,3,1,1),(4,'Nha Trang - Đà Lạt','https://res.cloudinary.com/doe6rzwse/image/upload/v1661163654/busApp/hn-hcm_j9jqmm.jpg','2023-10-29 00:36:00',100000,3,2,1),(5,'Hồ Chí Minh - Hà Nội','https://res.cloudinary.com/doe6rzwse/image/upload/v1661163654/busApp/hn-hcm_j9jqmm.jpg','2023-12-01 00:36:00',5000000,3,2,2),(6,'Hà Nội - Hải Phòng','https://res.cloudinary.com/doe6rzwse/image/upload/v1661163654/busApp/hn-hcm_j9jqmm.jpg','2023-11-05 00:42:00',20000,3,2,5),(7,'Cần Thơ - Hồ Chí Minh','https://res.cloudinary.com/doe6rzwse/image/upload/v1661163654/busApp/hn-hcm_j9jqmm.jpg','2023-11-10 00:42:00',50000,3,2,3),(8,'Hồ Chí Minh - Vũng Tàu','https://res.cloudinary.com/doe6rzwse/image/upload/v1661163654/busApp/hn-hcm_j9jqmm.jpg','2023-11-30 00:43:00',250000,3,2,4),(9,'Vùng Tàu - Hồ Chí Minh','https://res.cloudinary.com/doe6rzwse/image/upload/v1661163654/busApp/hn-hcm_j9jqmm.jpg','2023-11-08 00:43:00',10000,3,1,4),(10,'Hà Nội - Hải Phòng','https://res.cloudinary.com/doe6rzwse/image/upload/v1661163654/busApp/hn-hcm_j9jqmm.jpg','2023-11-16 00:44:00',100000,3,2,5),(11,'Hải Phòng - Hà Nội','https://res.cloudinary.com/doe6rzwse/image/upload/v1661163654/busApp/hn-hcm_j9jqmm.jpg','2023-12-31 00:44:00',250000,3,2,5),(12,'Hồ Chí Minh - Vũng Tàu','https://res.cloudinary.com/doe6rzwse/image/upload/v1661163654/busApp/hn-hcm_j9jqmm.jpg','2023-11-24 16:45:00',150000,3,5,4),(16,'Việt Nam - Mỹ','https://res.cloudinary.com/doe6rzwse/image/upload/v1661163654/busApp/hn-hcm_j9jqmm.jpg','2023-10-28 21:12:00',0,1049,1,8),(26,'Chuyến đi A','https://res.cloudinary.com/doe6rzwse/image/upload/v1661163654/busApp/hn-hcm_j9jqmm.jpg','2023-10-28 21:07:00',500000,1049,2,3),(58,'Hồ Chí Minh - Đà Lạt','https://res.cloudinary.com/doe6rzwse/image/upload/v1661163654/busApp/hn-hcm_j9jqmm.jpg','2023-10-25 00:00:00',500000,385,2,1),(59,'Hà Nội - Hồ Chí Minh','https://res.cloudinary.com/doe6rzwse/image/upload/v1661163654/busApp/hn-hcm_j9jqmm.jpg','2023-10-25 00:00:00',500000,335,2,2),(60,'Cần Thơ  - Hồ Chí Minh','https://res.cloudinary.com/doe6rzwse/image/upload/v1661163654/busApp/hn-hcm_j9jqmm.jpg','2023-10-25 00:00:00',500000,186,2,3),(61,'Hồ Chí Minh - Vũng Tàu','https://res.cloudinary.com/doe6rzwse/image/upload/v1661163654/busApp/hn-hcm_j9jqmm.jpg','2023-10-25 00:00:00',500000,1049,2,4),(62,'Hà Nội - Hải Phòng','https://res.cloudinary.com/doe6rzwse/image/upload/v1661163654/busApp/hn-hcm_j9jqmm.jpg','2023-10-25 00:00:00',500000,633,2,5),(63,'Việt Nam - Mỹ','https://res.cloudinary.com/doe6rzwse/image/upload/v1661163654/busApp/hn-hcm_j9jqmm.jpg','2023-10-25 00:00:00',500000,181,2,8),(64,'Cần Thơ - Long An','https://res.cloudinary.com/doe6rzwse/image/upload/v1661163654/busApp/hn-hcm_j9jqmm.jpg','2023-10-25 00:00:00',500000,678,2,10),(73,'Hồ Chí Minh - Đà Lạt','https://res.cloudinary.com/doe6rzwse/image/upload/v1661163654/busApp/hn-hcm_j9jqmm.jpg','2023-10-25 00:00:00',500000,684,2,1),(74,'Hà Nội - Hồ Chí Minh','https://res.cloudinary.com/doe6rzwse/image/upload/v1661163654/busApp/hn-hcm_j9jqmm.jpg','2023-10-25 00:00:00',500000,144,2,2),(75,'Cần Thơ  - Hồ Chí Minh','https://res.cloudinary.com/doe6rzwse/image/upload/v1661163654/busApp/hn-hcm_j9jqmm.jpg','2023-10-25 00:00:00',500000,393,2,3),(76,'Hồ Chí Minh - Vũng Tàu','https://res.cloudinary.com/doe6rzwse/image/upload/v1661163654/busApp/hn-hcm_j9jqmm.jpg','2023-10-25 00:00:00',500000,526,2,4),(77,'Hà Nội - Hải Phòng','https://res.cloudinary.com/doe6rzwse/image/upload/v1661163654/busApp/hn-hcm_j9jqmm.jpg','2023-10-25 00:00:00',500000,46,2,5),(78,'Việt Nam - Mỹ','https://res.cloudinary.com/doe6rzwse/image/upload/v1661163654/busApp/hn-hcm_j9jqmm.jpg','2023-10-25 00:00:00',500000,286,2,8),(79,'Cần Thơ - Long An','https://res.cloudinary.com/doe6rzwse/image/upload/v1661163654/busApp/hn-hcm_j9jqmm.jpg','2023-10-25 00:00:00',500000,638,2,10),(80,'Hồ Chí Minh - Hà Nội','https://res.cloudinary.com/doe6rzwse/image/upload/v1661163654/busApp/hn-hcm_j9jqmm.jpg','2023-10-25 00:00:00',500000,245,2,316),(81,'Hồ Chí Minh - Nha Trang','https://res.cloudinary.com/doe6rzwse/image/upload/v1661163654/busApp/hn-hcm_j9jqmm.jpg','2023-10-25 00:00:00',500000,675,2,317),(82,'Hà Nội - Đà Nẵng','https://res.cloudinary.com/doe6rzwse/image/upload/v1661163654/busApp/hn-hcm_j9jqmm.jpg','2023-10-25 00:00:00',500000,433,2,318),(88,'Hồ Chí Minh - Đà Lạt','https://res.cloudinary.com/doe6rzwse/image/upload/v1661163654/busApp/hn-hcm_j9jqmm.jpg','2023-10-25 00:00:00',500000,780,2,1),(90,'Cần Thơ  - Hồ Chí Minh','https://res.cloudinary.com/doe6rzwse/image/upload/v1661163654/busApp/hn-hcm_j9jqmm.jpg','2023-10-25 00:00:00',500000,150,2,3),(91,'Hồ Chí Minh - Vũng Tàu','https://res.cloudinary.com/doe6rzwse/image/upload/v1661163654/busApp/hn-hcm_j9jqmm.jpg','2023-10-25 00:00:00',500000,633,2,4),(92,'Hà Nội - Hải Phòng','https://res.cloudinary.com/doe6rzwse/image/upload/v1661163654/busApp/hn-hcm_j9jqmm.jpg','2023-10-25 00:00:00',500000,3,2,5),(93,'Việt Nam - Mỹ','https://res.cloudinary.com/doe6rzwse/image/upload/v1661163654/busApp/hn-hcm_j9jqmm.jpg','2023-10-25 00:00:00',500000,996,2,8),(94,'Cần Thơ - Long An','https://res.cloudinary.com/doe6rzwse/image/upload/v1661163654/busApp/hn-hcm_j9jqmm.jpg','2023-10-25 00:00:00',500000,59,2,10),(95,'Hồ Chí Minh - Hà Nội','https://res.cloudinary.com/doe6rzwse/image/upload/v1661163654/busApp/hn-hcm_j9jqmm.jpg','2023-10-25 00:00:00',500000,629,2,316),(96,'Hồ Chí Minh - Nha Trang','https://res.cloudinary.com/doe6rzwse/image/upload/v1661163654/busApp/hn-hcm_j9jqmm.jpg','2023-10-25 00:00:00',500000,1049,2,317),(97,'Hà Nội - Đà Nẵng','https://res.cloudinary.com/doe6rzwse/image/upload/v1661163654/busApp/hn-hcm_j9jqmm.jpg','2023-10-25 00:00:00',500000,309,2,318),(103,'Hồ Chí Minh - Đà Lạt','https://res.cloudinary.com/doe6rzwse/image/upload/v1661163654/busApp/hn-hcm_j9jqmm.jpg','2023-10-25 00:00:00',500000,107,2,1),(104,'Hà Nội - Hồ Chí Minh','https://res.cloudinary.com/doe6rzwse/image/upload/v1661163654/busApp/hn-hcm_j9jqmm.jpg','2023-10-25 00:00:00',500000,633,2,2),(105,'Cần Thơ  - Hồ Chí Minh','https://res.cloudinary.com/doe6rzwse/image/upload/v1661163654/busApp/hn-hcm_j9jqmm.jpg','2023-10-25 00:00:00',500000,778,2,3),(106,'Hồ Chí Minh - Vũng Tàu','https://res.cloudinary.com/doe6rzwse/image/upload/v1661163654/busApp/hn-hcm_j9jqmm.jpg','2023-10-25 00:00:00',500000,634,2,4),(107,'Hà Nội - Hải Phòng','https://res.cloudinary.com/doe6rzwse/image/upload/v1661163654/busApp/hn-hcm_j9jqmm.jpg','2023-10-25 00:00:00',500000,675,2,5),(108,'Việt Nam - Mỹ','https://res.cloudinary.com/doe6rzwse/image/upload/v1661163654/busApp/hn-hcm_j9jqmm.jpg','2023-10-25 00:00:00',500000,638,2,8),(109,'Cần Thơ - Long An','https://res.cloudinary.com/doe6rzwse/image/upload/v1661163654/busApp/hn-hcm_j9jqmm.jpg','2023-10-25 00:00:00',500000,144,2,10),(110,'Hồ Chí Minh - Hà Nội','https://res.cloudinary.com/doe6rzwse/image/upload/v1661163654/busApp/hn-hcm_j9jqmm.jpg','2023-11-07 17:09:00',500000,181,2,316);
/*!40000 ALTER TABLE `trip` ENABLE KEYS */;
UNLOCK TABLES;

--
-- Table structure for table `user`
--

DROP TABLE IF EXISTS `user`;
/*!40101 SET @saved_cs_client     = @@character_set_client */;
/*!50503 SET character_set_client = utf8mb4 */;
CREATE TABLE `user` (
  `id` int NOT NULL AUTO_INCREMENT,
  `fullname` varchar(150) CHARACTER SET utf8mb4 COLLATE utf8mb4_unicode_ci NOT NULL,
  `gender` varchar(5) CHARACTER SET utf8mb4 COLLATE utf8mb4_unicode_ci DEFAULT NULL,
  `birthday` datetime DEFAULT NULL,
  `address` varchar(100) CHARACTER SET utf8mb4 COLLATE utf8mb4_unicode_ci DEFAULT NULL,
  `phone` varchar(10) CHARACTER SET utf8mb4 COLLATE utf8mb4_unicode_ci DEFAULT NULL,
  `email` varchar(45) CHARACTER SET utf8mb4 COLLATE utf8mb4_unicode_ci DEFAULT NULL,
  `username` varchar(45) CHARACTER SET utf8mb4 COLLATE utf8mb4_unicode_ci DEFAULT NULL,
  `password` varchar(100) CHARACTER SET utf8mb4 COLLATE utf8mb4_unicode_ci DEFAULT NULL,
  `avatar` varchar(150) CHARACTER SET utf8mb4 COLLATE utf8mb4_unicode_ci DEFAULT NULL,
  `active` bit(1) DEFAULT b'1',
  `user_role` varchar(45) CHARACTER SET utf8mb4 COLLATE utf8mb4_unicode_ci DEFAULT NULL,
  `is_deleted` bit(1) DEFAULT b'0',
  PRIMARY KEY (`id`),
  UNIQUE KEY `username_UNIQUE` (`username`)
) ENGINE=InnoDB AUTO_INCREMENT=1056 DEFAULT CHARSET=utf8mb4 COLLATE=utf8mb4_unicode_ci;
/*!40101 SET character_set_client = @saved_cs_client */;

--
-- Dumping data for table `user`
--

LOCK TABLES `user` WRITE;
/*!40000 ALTER TABLE `user` DISABLE KEYS */;
INSERT INTO `user` VALUES (1,'Admin','Nam','2023-09-01 00:00:00','HCM','012345678','admin@gmail.com','admin','$2a$10$lXGZX6Bt8HXqtnh33YQwoOtjRE8tTOoV43sPFujYn1wGDiN6NSMny','https://res.cloudinary.com/doe6rzwse/image/upload/v1663062934/rywurihjjegsyms1zew3.jpg',_binary '','ROLE_ADMIN',_binary '\0'),(2,'Lisa','Nu','2023-09-01 00:00:00','Korea','012345678','lisa@gmail.com','lisa','$2a$10$qwCBLYE7O7vTpVgHNVX94eqUOIZB6R8qo3Z7VnhCWD3y6GUlNUMtO','https://res.cloudinary.com/doe6rzwse/image/upload/v1663062934/rywurihjjegsyms1zew3.jpg',_binary '','ROLE_EMPLOYEE',_binary '\0'),(3,'Ken','Nam','2023-09-01 00:00:00','HCM','012345678','ken@gmail.com','ken','$2a$10$pJ6FlNYUa4aGg2uHAskBh.R8KA79KUXxDLYqKeH22Hu/IJzOdBgYO','https://res.cloudinary.com/doe6rzwse/image/upload/v1663062934/rywurihjjegsyms1zew3.jpg',_binary '','ROLE_DRIVER',_binary ''),(4,'Doraemon','Nam','2023-09-01 00:00:00','Japan','012345678','doraemon@gmail.com','doraemon','$2a$10$EOAdD7325jZCvFtCRPEHiOxBdPtQHdAzeqdhHNqyuQBrg3DCTf0Ae','https://res.cloudinary.com/doe6rzwse/image/upload/v1663062934/rywurihjjegsyms1zew3.jpg',_binary '','ROLE_CUSTOMER',_binary '\0'),(5,'Shizuka','Nu','2023-09-01 00:00:00','Japan','012345678','shizuka@gmail.com','shizuka','$2a$10$MxOv.yLhC6h6TBk7BsdBWOiTua6cETD.IPlvux.9E8L9mpQs93Pxq','https://res.cloudinary.com/doe6rzwse/image/upload/v1663062934/rywurihjjegsyms1zew3.jpg',_binary '','ROLE_EMPLOYEE',_binary '\0'),(9,'Kim','Nu',NULL,'HCM','012345678','kim@gmail.com',NULL,NULL,'https://res.cloudinary.com/doe6rzwse/image/upload/v1663062934/rywurihjjegsyms1zew3.jpg',NULL,NULL,_binary '\0'),(10,'Nam','Nam',NULL,'HCM','012345678','nam@gmail.com',NULL,NULL,'https://res.cloudinary.com/doe6rzwse/image/upload/v1663062934/rywurihjjegsyms1zew3.jpg',NULL,NULL,_binary '\0'),(11,'Doraemon','Nam',NULL,'Japan','012345678','doraemon@gmail.com',NULL,NULL,'https://res.cloudinary.com/doe6rzwse/image/upload/v1663062934/rywurihjjegsyms1zew3.jpg',NULL,NULL,_binary '\0'),(12,'Doraemon','Nam',NULL,'Japan','012345678','doraemon@gmail.com',NULL,NULL,'https://res.cloudinary.com/doe6rzwse/image/upload/v1663062934/rywurihjjegsyms1zew3.jpg',NULL,NULL,_binary '\0'),(13,'Da','Nam','2023-11-05 00:00:00','434312312','0349421079','2051010017anh@ou.edu.vn','DA','$2a$10$ZnDJkHTnh2b5icoAjYusOOB.090eO2HRotCmGrZ.Qj5QyLAVr.Jm.','https://res.cloudinary.com/doe6rzwse/image/upload/v1663062934/rywurihjjegsyms1zew3.jpg',_binary '','ROLE_ADMIN',_binary '\0'),(14,'Người dùng 812','Nam','1994-01-09 00:00:00','Địa chỉ 594','0326284051','user473@example.com','user614','519b14f92f931aab3702ef0bd2c6890e','https://res.cloudinary.com/doe6rzwse/image/upload/v1663062934/rywurihjjegsyms1zew3.jpg',_binary '\0','ROLE_EMPLOYEE',_binary '\0'),(16,'Người dùng 372','Nữ','2002-12-09 00:00:00','Địa chỉ 378','0912023946','user377@example.com','user178','aca3a0c6d58d9ade29aae741c87082c3','https://res.cloudinary.com/doe6rzwse/image/upload/v1663062934/rywurihjjegsyms1zew3.jpg',_binary '\0','ROLE_CUSTOMER',_binary '\0'),(17,'Người dùng 8','Nữ','2039-08-15 00:00:00','Địa chỉ 48','0236560274','user614@example.com','user617','c94aa91aad4d62cf33d683faa2e4c284','https://res.cloudinary.com/doe6rzwse/image/upload/v1663062934/rywurihjjegsyms1zew3.jpg',_binary '\0','ROLE_CUSTOMER',_binary '\0'),(18,'Người dùng 198','','1989-08-28 00:00:00','Địa chỉ 907','0953003635','user16@example.com','user238','6197bc8d63165c72af0eb57034e3deca','https://res.cloudinary.com/doe6rzwse/image/upload/v1663062934/rywurihjjegsyms1zew3.jpg',_binary '','ROLE_EMPLOYEE',_binary '\0'),(20,'Người dùng 13','Nam','2015-12-08 00:00:00','Địa chỉ 796','0643524814','user630@example.com','user340','8c7e30513289722dfa7fbc3f13636933','https://res.cloudinary.com/doe6rzwse/image/upload/v1663062934/rywurihjjegsyms1zew3.jpg',_binary '','ROLE_CUSTOMER',_binary '\0'),(22,'Người dùng 256','Nam','1976-05-18 00:00:00','Địa chỉ 419','0913478562','user262@example.com','user599','6301dfd8eae4b8c013bbd57245126ff0','https://res.cloudinary.com/doe6rzwse/image/upload/v1663062934/rywurihjjegsyms1zew3.jpg',_binary '','ROLE_CUSTOMER',_binary '\0'),(23,'Người dùng 203','Nữ','2054-02-01 00:00:00','Địa chỉ 933','0230558571','user924@example.com','user188','313ea95e88bdb0b13e6828a814e3eb18','https://res.cloudinary.com/doe6rzwse/image/upload/v1663062934/rywurihjjegsyms1zew3.jpg',_binary '','ROLE_CUSTOMER',_binary '\0'),(29,'Người dùng 136','Nữ','2026-03-10 00:00:00','Địa chỉ 226','0501457321','user551@example.com','user418','3ab1d0bb634365f6b043fa5f3258e5d7','https://res.cloudinary.com/doe6rzwse/image/upload/v1663062934/rywurihjjegsyms1zew3.jpg',_binary '\0','ROLE_ADMIN',_binary '\0'),(30,'Người dùng 935','Nam','2022-02-16 00:00:00','Địa chỉ 609','0533958800','user583@example.com','user469','02abdf9f7318c83b02211f96c948cf53','https://res.cloudinary.com/doe6rzwse/image/upload/v1663062934/rywurihjjegsyms1zew3.jpg',_binary '\0','ROLE_CUSTOMER',_binary '\0'),(31,'Người dùng 85','Nữ','2061-09-05 00:00:00','Địa chỉ 879','0683241771','user601@example.com','user61','1522c9a0e26529bee45ccb3e46e9a651','https://res.cloudinary.com/doe6rzwse/image/upload/v1663062934/rywurihjjegsyms1zew3.jpg',_binary '\0','ROLE_CUSTOMER',_binary '\0'),(32,'Người dùng 404','Nam','2010-12-16 00:00:00','Địa chỉ 273','0226995415','user883@example.com','user994','39dc78809ad8a1ea75a93f9b1c6834f4','https://res.cloudinary.com/doe6rzwse/image/upload/v1663062934/rywurihjjegsyms1zew3.jpg',_binary '\0','ROLE_ADMIN',_binary '\0'),(33,'Người dùng 877','Nữ','2057-08-03 00:00:00','Địa chỉ 74','0770227989','user500@example.com','user266','5061270e26caee09001ac735259cbc6e','https://res.cloudinary.com/doe6rzwse/image/upload/v1663062934/rywurihjjegsyms1zew3.jpg',_binary '\0','ROLE_EMPLOYEE',_binary '\0'),(34,'Người dùng 919','Nữ','2040-03-18 00:00:00','Địa chỉ 634','0159834856','user428@example.com','user944','dcfa2c9900c02ee17ca4c656e1a934e7','https://res.cloudinary.com/doe6rzwse/image/upload/v1663062934/rywurihjjegsyms1zew3.jpg',_binary '\0','ROLE_ADMIN',_binary '\0'),(35,'Người dùng 854','Nữ','2025-03-21 00:00:00','Địa chỉ 91','0822036376','user736@example.com','user273','e202a8bcd5af6b6a150cd3fbc2c23029','https://res.cloudinary.com/doe6rzwse/image/upload/v1663062934/rywurihjjegsyms1zew3.jpg',_binary '\0','ROLE_ADMIN',_binary '\0'),(36,'Người dùng 901','Nữ','2035-07-25 00:00:00','Địa chỉ 862','0409746234','user134@example.com','user638','6c12ba8833926a31b1b181ae45517575','https://res.cloudinary.com/doe6rzwse/image/upload/v1663062934/rywurihjjegsyms1zew3.jpg',_binary '','ROLE_CUSTOMER',_binary '\0'),(37,'Người dùng 297','Nam','2000-06-03 00:00:00','Địa chỉ 3','0193925460','user511@example.com','user244','b1ddcdc6ad962e404fd96409714d08d5','https://res.cloudinary.com/doe6rzwse/image/upload/v1663062934/rywurihjjegsyms1zew3.jpg',_binary '\0','ROLE_CUSTOMER',_binary '\0'),(38,'Người dùng 260','Nam','2048-11-13 00:00:00','Địa chỉ 400','0674405617','user988@example.com','user28','bf6f76bbde3be1c35208f2b291f42c3d','https://res.cloudinary.com/doe6rzwse/image/upload/v1663062934/rywurihjjegsyms1zew3.jpg',_binary '\0','ROLE_DRIVER',_binary '\0'),(44,'Người dùng 517','Nam','2020-01-07 00:00:00','Địa chỉ 68','0857595085','user3@example.com','user492','b6c198633b6955bb83fc901544145277','https://res.cloudinary.com/doe6rzwse/image/upload/v1663062934/rywurihjjegsyms1zew3.jpg',_binary '','ROLE_CUSTOMER',_binary '\0'),(45,'Người dùng 566','Nữ','2036-01-17 00:00:00','Địa chỉ 885','0501949314','user576@example.com','user541','edeecedbd27673f719356a3b6c105061','https://res.cloudinary.com/doe6rzwse/image/upload/v1663062934/rywurihjjegsyms1zew3.jpg',_binary '\0','ROLE_CUSTOMER',_binary '\0'),(46,'Người dùng 436','Nữ','2069-02-18 00:00:00','Địa chỉ 775','0914709772','user198@example.com','user277','2a484da845a859115b2f0bcc38066871','https://res.cloudinary.com/doe6rzwse/image/upload/v1663062934/rywurihjjegsyms1zew3.jpg',_binary '\0','ROLE_DRIVER',_binary '\0'),(47,'Người dùng 108','Nam','1989-08-17 00:00:00','Địa chỉ 868','0779548159','user168@example.com','user579','1a7698ecbb10ba5178d23d4c6f116f2b','https://res.cloudinary.com/doe6rzwse/image/upload/v1663062934/rywurihjjegsyms1zew3.jpg',_binary '','ROLE_CUSTOMER',_binary '\0'),(48,'Người dùng 159','Nam','2013-04-26 00:00:00','Địa chỉ 819','0818107319','user531@example.com','user261','54d05b39f093b3c38f48d9aa74a6f415','https://res.cloudinary.com/doe6rzwse/image/upload/v1663062934/rywurihjjegsyms1zew3.jpg',_binary '','ROLE_EMPLOYEE',_binary '\0'),(49,'Người dùng 871','Nam','2059-05-07 00:00:00','Địa chỉ 763','0221651732','user386@example.com','user527','e290cd9316e5ee8fcf2702f1cc5bf6b3','https://res.cloudinary.com/doe6rzwse/image/upload/v1663062934/rywurihjjegsyms1zew3.jpg',_binary '','ROLE_CUSTOMER',_binary '\0'),(50,'Người dùng 584','Nam','2013-02-06 00:00:00','Địa chỉ 644','0934906894','user705@example.com','user746','225b21803b74a756782520046e0716fa','https://res.cloudinary.com/doe6rzwse/image/upload/v1663062934/rywurihjjegsyms1zew3.jpg',_binary '\0','ROLE_ADMIN',_binary '\0'),(51,'Người dùng 17','Nữ','1992-10-31 00:00:00','Địa chỉ 772','0261215650','user577@example.com','user348','f1cfe28b2f5f532f322fe1cc45110057','https://res.cloudinary.com/doe6rzwse/image/upload/v1663062934/rywurihjjegsyms1zew3.jpg',_binary '\0','ROLE_ADMIN',_binary '\0'),(52,'Người dùng 353','Nam','2020-04-30 00:00:00','Địa chỉ 977','0441574604','user963@example.com','user681','2f7b0f500feaf9c5e053787ecd4dd668','https://res.cloudinary.com/doe6rzwse/image/upload/v1663062934/rywurihjjegsyms1zew3.jpg',_binary '\0','ROLE_CUSTOMER',_binary '\0'),(53,'Người dùng 945','Nam','2026-11-07 00:00:00','Địa chỉ 800','0365447942','user74@example.com','user487','cbacbfbabb7efaa16f8f73229551a330','https://res.cloudinary.com/doe6rzwse/image/upload/v1663062934/rywurihjjegsyms1zew3.jpg',_binary '\0','ROLE_ADMIN',_binary '\0'),(59,'Người dùng 364','Nam','2018-01-16 00:00:00','Địa chỉ 857','0860457399','user653@example.com','user730','e016eb0e9752bed025777af1a2be3912','https://res.cloudinary.com/doe6rzwse/image/upload/v1663062934/rywurihjjegsyms1zew3.jpg',_binary '\0','ROLE_DRIVER',_binary '\0'),(60,'Người dùng 485','Nam','1993-05-21 00:00:00','Địa chỉ 555','0170350320','user722@example.com','user380','4a0ba2b9c00fa8ca62cb3f24713ce6d2','https://res.cloudinary.com/doe6rzwse/image/upload/v1663062934/rywurihjjegsyms1zew3.jpg',_binary '\0','ROLE_CUSTOMER',_binary '\0'),(61,'Người dùng 286','Nữ','2040-11-02 00:00:00','Địa chỉ 601','0892104961','user597@example.com','user346','96ca41cececbde9467ed4a06116fa9e8','https://res.cloudinary.com/doe6rzwse/image/upload/v1663062934/rywurihjjegsyms1zew3.jpg',_binary '','ROLE_CUSTOMER',_binary '\0'),(63,'Người dùng 763','Nam','2021-03-12 00:00:00','Địa chỉ 278','0870999142','user447@example.com','user669','45a0edb93a00a5e489a4d77c244f3f35','https://res.cloudinary.com/doe6rzwse/image/upload/v1663062934/rywurihjjegsyms1zew3.jpg',_binary '\0','ROLE_ADMIN',_binary '\0'),(65,'Người dùng 815','Nam','1982-06-11 00:00:00','Địa chỉ 879','0122581776','user486@example.com','user357','56c5def6c73e0652b24cb2ea8f3e81a1','https://res.cloudinary.com/doe6rzwse/image/upload/v1663062934/rywurihjjegsyms1zew3.jpg',_binary '','ROLE_CUSTOMER',_binary '\0'),(66,'Người dùng 179','Nam','1970-12-15 00:00:00','Địa chỉ 518','0605697586','user255@example.com','user589','3d12dc5b1a172ef525ec39bf67ef5544','https://res.cloudinary.com/doe6rzwse/image/upload/v1663062934/rywurihjjegsyms1zew3.jpg',_binary '\0','ROLE_CUSTOMER',_binary '\0'),(74,'Người dùng 550','Nữ','2051-09-28 00:00:00','Địa chỉ 606','0621095533','user76@example.com','user644','9bf749376e2708923e45b406cc73a666','https://res.cloudinary.com/doe6rzwse/image/upload/v1663062934/rywurihjjegsyms1zew3.jpg',_binary '\0','ROLE_DRIVER',_binary '\0'),(75,'Người dùng 516','Nam','1970-04-19 00:00:00','Địa chỉ 283','0466065999','user184@example.com','user701','caf0e495cd3edf8952ede142be37d027','https://res.cloudinary.com/doe6rzwse/image/upload/v1663062934/rywurihjjegsyms1zew3.jpg',_binary '\0','ROLE_CUSTOMER',_binary '\0'),(76,'Người dùng 420','Nam','2013-04-03 00:00:00','Địa chỉ 346','0492873036','user142@example.com','user401','797b46801a046adc2bcc9bea8c397ad8','https://res.cloudinary.com/doe6rzwse/image/upload/v1663062934/rywurihjjegsyms1zew3.jpg',_binary '','ROLE_EMPLOYEE',_binary '\0'),(77,'Người dùng 271','Nữ','2023-09-25 00:00:00','Địa chỉ 274','0785487430','user984@example.com','user635','615f272c4ef05c31a8795c02ff7658cf','https://res.cloudinary.com/doe6rzwse/image/upload/v1663062934/rywurihjjegsyms1zew3.jpg',_binary '\0','ROLE_DRIVER',_binary '\0'),(78,'Người dùng 26','Nữ','2028-08-05 00:00:00','Địa chỉ 930','0905192616','user681@example.com','user725','7685acb9b59cddc5190f159c2bf15b01','https://res.cloudinary.com/doe6rzwse/image/upload/v1663062934/rywurihjjegsyms1zew3.jpg',_binary '','ROLE_ADMIN',_binary '\0'),(79,'Người dùng 579','Nữ','1974-12-27 00:00:00','Địa chỉ 776','0760088971','user337@example.com','user486','0c22d254d1f1d15e984f501654609715','https://res.cloudinary.com/doe6rzwse/image/upload/v1663062934/rywurihjjegsyms1zew3.jpg',_binary '','ROLE_CUSTOMER',_binary '\0'),(80,'Người dùng 194','Nam','2030-03-29 00:00:00','Địa chỉ 101','0729348145','user192@example.com','user864','d4e35508e6611a680cd86fde4243fddf','https://res.cloudinary.com/doe6rzwse/image/upload/v1663062934/rywurihjjegsyms1zew3.jpg',_binary '\0','ROLE_CUSTOMER',_binary '\0'),(81,'Người dùng 200','Nam','2067-12-26 00:00:00','Địa chỉ 351','0834181101','user25@example.com','user680','818bf38ade298125673331fd5b7b62ec','https://res.cloudinary.com/doe6rzwse/image/upload/v1663062934/rywurihjjegsyms1zew3.jpg',_binary '','ROLE_ADMIN',_binary '\0'),(82,'Người dùng 894','Nam','1977-08-11 00:00:00','Địa chỉ 524','0453316959','user390@example.com','user774','65c34c24cac8c410f78e51fc1fa4d3e5','https://res.cloudinary.com/doe6rzwse/image/upload/v1663062934/rywurihjjegsyms1zew3.jpg',_binary '','ROLE_CUSTOMER',_binary '\0'),(83,'Người dùng 712','Nam','2026-10-09 00:00:00','Địa chỉ 215','0435595834','user218@example.com','user975','549e86482c78c4f94332838274651531','https://res.cloudinary.com/doe6rzwse/image/upload/v1663062934/rywurihjjegsyms1zew3.jpg',_binary '\0','ROLE_CUSTOMER',_binary '\0'),(89,'Người dùng 710','Nam','1985-02-21 00:00:00','Địa chỉ 786','0530327057','user31@example.com','user721','f271c75d6b90058564f44b385be18fec','https://res.cloudinary.com/doe6rzwse/image/upload/v1663062934/rywurihjjegsyms1zew3.jpg',_binary '','ROLE_CUSTOMER',_binary '\0'),(90,'Người dùng 184','Nữ','1993-01-15 00:00:00','Địa chỉ 681','0746590202','user546@example.com','user576','b62f7b77824880e5b87203d992da32f0','https://res.cloudinary.com/doe6rzwse/image/upload/v1663062934/rywurihjjegsyms1zew3.jpg',_binary '','ROLE_ADMIN',_binary '\0'),(91,'Người dùng 485','Nữ','2044-07-24 00:00:00','Địa chỉ 606','0816531136','user160@example.com','user416','0191ec1e71c2844fbb959c1d46c14644','https://res.cloudinary.com/doe6rzwse/image/upload/v1663062934/rywurihjjegsyms1zew3.jpg',_binary '','ROLE_CUSTOMER',_binary '\0'),(92,'Người dùng 323','Nữ','2053-05-20 00:00:00','Địa chỉ 85','0934515559','user378@example.com','user113','85df2392488fe7c6e1ac968f8c3d9e34','https://res.cloudinary.com/doe6rzwse/image/upload/v1663062934/rywurihjjegsyms1zew3.jpg',_binary '','ROLE_CUSTOMER',_binary '\0'),(93,'Người dùng 482','Nam','2014-05-16 00:00:00','Địa chỉ 484','0181099209','user997@example.com','user718','5317135ced54096343a084cf67b10023','https://res.cloudinary.com/doe6rzwse/image/upload/v1663062934/rywurihjjegsyms1zew3.jpg',_binary '\0','ROLE_DRIVER',_binary '\0'),(94,'Người dùng 214','Nam','2062-01-26 00:00:00','Địa chỉ 465','0607497165','user423@example.com','user427','810f5ad3d3e7695c0251373941865270','https://res.cloudinary.com/doe6rzwse/image/upload/v1663062934/rywurihjjegsyms1zew3.jpg',_binary '','ROLE_ADMIN',_binary '\0'),(96,'Người dùng 875','Nữ','2021-07-03 00:00:00','Địa chỉ 889','0912347164','user844@example.com','user514','9df41fb0cf8c00b5a04675ab30766855','https://res.cloudinary.com/doe6rzwse/image/upload/v1663062934/rywurihjjegsyms1zew3.jpg',_binary '\0','ROLE_DRIVER',_binary '\0'),(97,'Người dùng 883','Nam','2045-11-18 00:00:00','Địa chỉ 148','0520917621','user891@example.com','user56','f0a747b13f0465c3a70707f51f3acd37','https://res.cloudinary.com/doe6rzwse/image/upload/v1663062934/rywurihjjegsyms1zew3.jpg',_binary '','ROLE_CUSTOMER',_binary '\0'),(98,'Người dùng 571','Nam','1985-08-20 00:00:00','Địa chỉ 858','0843133511','user551@example.com','user281','3ba0506f48713d98e9a24f9b90379b22','https://res.cloudinary.com/doe6rzwse/image/upload/v1663062934/rywurihjjegsyms1zew3.jpg',_binary '\0','ROLE_CUSTOMER',_binary '\0'),(104,'Người dùng 690','Nam','2027-08-26 00:00:00','Địa chỉ 693','0766185075','user619@example.com','user875','724972d5730348b8ab8c4b127bb12e52','https://res.cloudinary.com/doe6rzwse/image/upload/v1663062934/rywurihjjegsyms1zew3.jpg',_binary '\0','ROLE_CUSTOMER',_binary '\0'),(105,'Người dùng 443','Nữ','1982-08-01 00:00:00','Địa chỉ 355','0459070748','user928@example.com','user447','a819ccf658627c85ac26dbd383374916','https://res.cloudinary.com/doe6rzwse/image/upload/v1663062934/rywurihjjegsyms1zew3.jpg',_binary '\0','ROLE_CUSTOMER',_binary '\0'),(106,'Người dùng 125','Nữ','2011-03-02 00:00:00','Địa chỉ 584','0719425318','user687@example.com','user371','1031c720264a703277498770e1c91d73','https://res.cloudinary.com/doe6rzwse/image/upload/v1663062934/rywurihjjegsyms1zew3.jpg',_binary '','ROLE_ADMIN',_binary '\0'),(107,'Người dùng 261','Nam','1994-01-03 00:00:00','Địa chỉ 384','0283967749','user867@example.com','user723','5787c9e498e9fa49ed9aa6d2cb46253a','https://res.cloudinary.com/doe6rzwse/image/upload/v1663062934/rywurihjjegsyms1zew3.jpg',_binary '\0','ROLE_DRIVER',_binary '\0'),(108,'Người dùng 612','Nữ','2027-09-09 00:00:00','Địa chỉ 436','0506195945','user947@example.com','user383','15ba9ac691a10108b7bc66b1f9f93a6f','https://res.cloudinary.com/doe6rzwse/image/upload/v1663062934/rywurihjjegsyms1zew3.jpg',_binary '','ROLE_CUSTOMER',_binary '\0'),(109,'Người dùng 512','Nữ','2055-12-21 00:00:00','Địa chỉ 60','0752010288','user440@example.com','user27','49a14e15001851ca89ae7a41b4a21f7e','https://res.cloudinary.com/doe6rzwse/image/upload/v1663062934/rywurihjjegsyms1zew3.jpg',_binary '','ROLE_CUSTOMER',_binary '\0'),(110,'Người dùng 65','Nữ','2028-12-24 00:00:00','Địa chỉ 476','0652893995','user641@example.com','user364','ae61f790f26b2c1942ed1a8e8240dcd9','https://res.cloudinary.com/doe6rzwse/image/upload/v1663062934/rywurihjjegsyms1zew3.jpg',_binary '\0','ROLE_ADMIN',_binary '\0'),(111,'Người dùng 703','Nữ','1981-08-20 00:00:00','Địa chỉ 844','0887820932','user842@example.com','user584','96430147eac02d67b323ba776b7ef55d','https://res.cloudinary.com/doe6rzwse/image/upload/v1663062934/rywurihjjegsyms1zew3.jpg',_binary '','ROLE_ADMIN',_binary '\0'),(112,'Người dùng 553','Nam','2062-11-17 00:00:00','Địa chỉ 90','0700381298','user63@example.com','user315','bde49a64f76a31abfe1861632324f495','https://res.cloudinary.com/doe6rzwse/image/upload/v1663062934/rywurihjjegsyms1zew3.jpg',_binary '','ROLE_ADMIN',_binary '\0'),(113,'Người dùng 878','Nữ','2011-06-03 00:00:00','Địa chỉ 440','0964797453','user482@example.com','user528','517e8777117616036e9a19e955a66e77','https://res.cloudinary.com/doe6rzwse/image/upload/v1663062934/rywurihjjegsyms1zew3.jpg',_binary '\0','ROLE_CUSTOMER',_binary '\0'),(142,'Người dùng 574','Nữ','1981-10-04 00:00:00','Địa chỉ 83','0157146028','user67@example.com','user148','cad84f40b202291a168f311731a1f996','https://res.cloudinary.com/doe6rzwse/image/upload/v1663062934/rywurihjjegsyms1zew3.jpg',_binary '','ROLE_DRIVER',_binary '\0'),(143,'Người dùng 132','Nam','2031-12-30 00:00:00','Địa chỉ 288','0625373916','user52@example.com','user511','9f2bdae28bddf2fbec4834ed9b538ec9','https://res.cloudinary.com/doe6rzwse/image/upload/v1663062934/rywurihjjegsyms1zew3.jpg',_binary '\0','ROLE_EMPLOYEE',_binary '\0'),(144,'Người dùng 882','Nam','1988-11-15 00:00:00','Địa chỉ 242','0682607360','user508@example.com','user600','792e4b58ece69fb82d47d304885748a3','https://res.cloudinary.com/doe6rzwse/image/upload/v1663062934/rywurihjjegsyms1zew3.jpg',_binary '','ROLE_DRIVER',_binary '\0'),(145,'Người dùng 242','Nữ','2064-09-27 00:00:00','Địa chỉ 731','0835964107','user892@example.com','user10','a91e6052d7b175dc5cfdb29f7e130c23','https://res.cloudinary.com/doe6rzwse/image/upload/v1663062934/rywurihjjegsyms1zew3.jpg',_binary '\0','ROLE_DRIVER',_binary '\0'),(146,'Người dùng 278','Nam','2052-02-24 00:00:00','Địa chỉ 912','0188203320','user752@example.com','user468','b9c56ed7e95b49ac85a74a274719946e','https://res.cloudinary.com/doe6rzwse/image/upload/v1663062934/rywurihjjegsyms1zew3.jpg',_binary '','ROLE_ADMIN',_binary '\0'),(147,'Người dùng 517','Nam','1982-05-10 00:00:00','Địa chỉ 811','0717647013','user997@example.com','user927','49bce05183abbc3c64dc13e8a1f7da89','https://res.cloudinary.com/doe6rzwse/image/upload/v1663062934/rywurihjjegsyms1zew3.jpg',_binary '\0','ROLE_ADMIN',_binary '\0'),(148,'Người dùng 521','Nữ','2008-01-11 00:00:00','Địa chỉ 735','0580804963','user466@example.com','user727','3b92cbacedcd6050046f6d857f752ac6','https://res.cloudinary.com/doe6rzwse/image/upload/v1663062934/rywurihjjegsyms1zew3.jpg',_binary '\0','ROLE_CUSTOMER',_binary '\0'),(149,'Người dùng 820','Nam','1970-02-21 00:00:00','Địa chỉ 329','0680869326','user237@example.com','user250','d81c99caa7d450de9e5e5fcf9e246a08','https://res.cloudinary.com/doe6rzwse/image/upload/v1663062934/rywurihjjegsyms1zew3.jpg',_binary '\0','ROLE_DRIVER',_binary '\0'),(150,'Người dùng 559','Nam','2009-10-06 00:00:00','Địa chỉ 541','0564874245','user956@example.com','user235','67d602f6a98d0c28429c448a49f47220','https://res.cloudinary.com/doe6rzwse/image/upload/v1663062934/rywurihjjegsyms1zew3.jpg',_binary '\0','ROLE_DRIVER',_binary '\0'),(177,'Người dùng 582','Nam','2049-04-09 00:00:00','Địa chỉ 438','0834546892','user764@example.com','user372','c271a88fdb3487c9c532e763b040b742','https://res.cloudinary.com/doe6rzwse/image/upload/v1663062934/rywurihjjegsyms1zew3.jpg',_binary '','ROLE_CUSTOMER',_binary '\0'),(178,'Người dùng 953','Nữ','2033-09-04 00:00:00','Địa chỉ 285','0565291698','user728@example.com','user92','69606a7061d20c5fcbbc77eff0ce2daf','https://res.cloudinary.com/doe6rzwse/image/upload/v1663062934/rywurihjjegsyms1zew3.jpg',_binary '','ROLE_ADMIN',_binary '\0'),(179,'Người dùng 35','Nữ','2045-10-21 00:00:00','Địa chỉ 270','0171764627','user586@example.com','user692','42d0a14b801b5d3fe9013ae1c8b1abae','https://res.cloudinary.com/doe6rzwse/image/upload/v1663062934/rywurihjjegsyms1zew3.jpg',_binary '\0','ROLE_ADMIN',_binary '\0'),(180,'Người dùng 533','Nữ','1995-08-17 00:00:00','Địa chỉ 766','0158373839','user24@example.com','user926','adc626219204aca5af2e850e64d56b16','https://res.cloudinary.com/doe6rzwse/image/upload/v1663062934/rywurihjjegsyms1zew3.jpg',_binary '\0','ROLE_CUSTOMER',_binary '\0'),(181,'a','','2054-03-12 00:00:00','Địa chỉ 676','0870311137','user250@example.com','user684','ae2c5f828297bce1140f6efec7439d02','https://res.cloudinary.com/doe6rzwse/image/upload/v1663062934/rywurihjjegsyms1zew3.jpg',_binary '','ROLE_DRIVER',_binary ''),(183,'Người dùng 249','Nữ','2027-10-10 00:00:00','Địa chỉ 492','0755713644','user165@example.com','user643','2e03ecdb902f49a6a9f3717a49f4e957','https://res.cloudinary.com/doe6rzwse/image/upload/v1663062934/rywurihjjegsyms1zew3.jpg',_binary '\0','ROLE_EMPLOYEE',_binary '\0'),(184,'Người dùng 137','Nữ','2038-08-17 00:00:00','Địa chỉ 172','0822613790','user497@example.com','user78','4eb55cca0ace42726ec0bc3e20c92f1a','https://res.cloudinary.com/doe6rzwse/image/upload/v1663062934/rywurihjjegsyms1zew3.jpg',_binary '','ROLE_CUSTOMER',_binary '\0'),(185,'Người dùng 238','Nữ','2012-06-19 00:00:00','Địa chỉ 438','0926465482','user276@example.com','user625','d3b5aa4af191ee19896be32f39fe6ce4','https://res.cloudinary.com/doe6rzwse/image/upload/v1663062934/rywurihjjegsyms1zew3.jpg',_binary '\0','ROLE_ADMIN',_binary '\0'),(186,'Người dùng 441','Nam','2013-05-31 00:00:00','Địa chỉ 514','0343897093','user810@example.com','user241','f08590cf6116ef1ce346b3f92f1f9616','https://res.cloudinary.com/doe6rzwse/image/upload/v1663062934/rywurihjjegsyms1zew3.jpg',_binary '\0','ROLE_DRIVER',_binary '\0'),(192,'Người dùng 578','Nữ','2014-08-16 00:00:00','Địa chỉ 521','0343808790','user788@example.com','user130','33a2a023792edc8fe5c878ad81cc91fa','https://res.cloudinary.com/doe6rzwse/image/upload/v1663062934/rywurihjjegsyms1zew3.jpg',_binary '\0','ROLE_DRIVER',_binary '\0'),(193,'Người dùng 573','Nam','1994-07-17 00:00:00','Địa chỉ 847','0549435606','user955@example.com','user279','14a4e36af8b2caa476e03ff5fcf8ac05','https://res.cloudinary.com/doe6rzwse/image/upload/v1663062934/rywurihjjegsyms1zew3.jpg',_binary '\0','ROLE_CUSTOMER',_binary '\0'),(194,'Người dùng 72','Nữ','2036-01-03 00:00:00','Địa chỉ 773','0899140763','user118@example.com','user930','89601159c4a1a890f0f8194a8e1b80a3','https://res.cloudinary.com/doe6rzwse/image/upload/v1663062934/rywurihjjegsyms1zew3.jpg',_binary '','ROLE_CUSTOMER',_binary '\0'),(195,'Người dùng 955','Nam','2060-05-28 00:00:00','Địa chỉ 257','0617889293','user104@example.com','user796','e6257b9e24639e06ee58ceb67e477d29','https://res.cloudinary.com/doe6rzwse/image/upload/v1663062934/rywurihjjegsyms1zew3.jpg',_binary '','ROLE_ADMIN',_binary '\0'),(196,'Người dùng 88','Nữ','2021-09-16 00:00:00','Địa chỉ 115','0125727022','user795@example.com','user889','7a5d602aad6561a92c11f7a1dc861722','https://res.cloudinary.com/doe6rzwse/image/upload/v1663062934/rywurihjjegsyms1zew3.jpg',_binary '\0','ROLE_ADMIN',_binary '\0'),(197,'Người dùng 908','Nam','1973-03-17 00:00:00','Địa chỉ 306','0492986878','user263@example.com','user7','1807a3f807050f0860f0b097124a1052','https://res.cloudinary.com/doe6rzwse/image/upload/v1663062934/rywurihjjegsyms1zew3.jpg',_binary '\0','ROLE_ADMIN',_binary '\0'),(198,'Người dùng 345','Nữ','2014-01-19 00:00:00','Địa chỉ 716','0337105092','user166@example.com','user41','49c2ab44b4e4c9c8c48f50eb0031c647','https://res.cloudinary.com/doe6rzwse/image/upload/v1663062934/rywurihjjegsyms1zew3.jpg',_binary '','ROLE_CUSTOMER',_binary '\0'),(199,'Người dùng 670','Nam','1996-06-08 00:00:00','Địa chỉ 755','0987581393','user663@example.com','user358','2f6d0bbf97c504a18cb57d763c0ee772','https://res.cloudinary.com/doe6rzwse/image/upload/v1663062934/rywurihjjegsyms1zew3.jpg',_binary '\0','ROLE_CUSTOMER',_binary '\0'),(200,'Người dùng 711','Nam','2044-10-26 00:00:00','Địa chỉ 11','0831891146','user31@example.com','user717','ff2099545ee2bfb7724f2c702e1e5deb','https://res.cloudinary.com/doe6rzwse/image/upload/v1663062934/rywurihjjegsyms1zew3.jpg',_binary '\0','ROLE_CUSTOMER',_binary '\0'),(201,'Người dùng 224','Nam','2069-04-26 00:00:00','Địa chỉ 765','0861705122','user936@example.com','user141','6ea5f01cb96e82d56b9616f8a58446b5','https://res.cloudinary.com/doe6rzwse/image/upload/v1663062934/rywurihjjegsyms1zew3.jpg',_binary '','ROLE_ADMIN',_binary '\0'),(210,'Người dùng 269','Nữ','2025-10-22 00:00:00','Địa chỉ 970','0259392712','user974@example.com','user342','b746602b7fbfccfd76f2e3e5b0e61ac3','https://res.cloudinary.com/doe6rzwse/image/upload/v1663062934/rywurihjjegsyms1zew3.jpg',_binary '\0','ROLE_ADMIN',_binary '\0'),(212,'Người dùng 885','Nữ','1970-09-01 00:00:00','Địa chỉ 635','0241153674','user878@example.com','user919','dcfe90798e36e953b00e288f0fbe6f94','https://res.cloudinary.com/doe6rzwse/image/upload/v1663062934/rywurihjjegsyms1zew3.jpg',_binary '\0','ROLE_DRIVER',_binary '\0'),(213,'Người dùng 817','Nữ','2063-06-30 00:00:00','Địa chỉ 442','0466868205','user710@example.com','user330','00ec9fe1f4f932cc2a3bb4171808ccf2','https://res.cloudinary.com/doe6rzwse/image/upload/v1663062934/rywurihjjegsyms1zew3.jpg',_binary '','ROLE_DRIVER',_binary '\0'),(214,'Người dùng 905','Nam','2063-11-19 00:00:00','Địa chỉ 900','0717693727','user729@example.com','user590','d789a27c897e6b8f55f0b5b147c32e35','https://res.cloudinary.com/doe6rzwse/image/upload/v1663062934/rywurihjjegsyms1zew3.jpg',_binary '','ROLE_CUSTOMER',_binary '\0'),(215,'Người dùng 184','Nữ','2068-12-26 00:00:00','Địa chỉ 24','0235925142','user682@example.com','user960','bb069341769d2cf842c28b92f16afa86','https://res.cloudinary.com/doe6rzwse/image/upload/v1663062934/rywurihjjegsyms1zew3.jpg',_binary '\0','ROLE_CUSTOMER',_binary '\0'),(216,'Người dùng 918','Nữ','2035-07-16 00:00:00','Địa chỉ 430','0269189860','user647@example.com','user673','e89898cfae6e7ce9df4763de0e71cec0','https://res.cloudinary.com/doe6rzwse/image/upload/v1663062934/rywurihjjegsyms1zew3.jpg',_binary '\0','ROLE_EMPLOYEE',_binary '\0'),(217,'Người dùng 55','Nam','2049-08-24 00:00:00','Địa chỉ 605','0673594310','user370@example.com','user941','349d3919cb1dacc990c540b22862f7b8','https://res.cloudinary.com/doe6rzwse/image/upload/v1663062934/rywurihjjegsyms1zew3.jpg',_binary '','ROLE_CUSTOMER',_binary '\0'),(218,'Người dùng 688','Nam','2041-06-08 00:00:00','Địa chỉ 704','0441488651','user783@example.com','user780','152c41eca3641293424fa60d5c9a5b2b','https://res.cloudinary.com/doe6rzwse/image/upload/v1663062934/rywurihjjegsyms1zew3.jpg',_binary '\0','ROLE_CUSTOMER',_binary '\0'),(219,'Người dùng 65','Nam','2043-08-11 00:00:00','Địa chỉ 721','0458025978','user825@example.com','user933','07416879d3601404b4878402e7e145c3','https://res.cloudinary.com/doe6rzwse/image/upload/v1663062934/rywurihjjegsyms1zew3.jpg',_binary '\0','ROLE_CUSTOMER',_binary '\0'),(240,'Người dùng 191','Nam','1999-11-05 00:00:00','Địa chỉ 568','0953248884','user34@example.com','user327','5370bc0f11157856ba1bfd7de392b60a','https://res.cloudinary.com/doe6rzwse/image/upload/v1663062934/rywurihjjegsyms1zew3.jpg',_binary '','ROLE_ADMIN',_binary '\0'),(241,'Người dùng 704','Nữ','1974-10-30 00:00:00','Địa chỉ 943','0616780194','user39@example.com','user475','7c41605d8e1504deecbe28365b3274d8','https://res.cloudinary.com/doe6rzwse/image/upload/v1663062934/rywurihjjegsyms1zew3.jpg',_binary '','ROLE_ADMIN',_binary '\0'),(242,'Người dùng 97','Nữ','2062-03-30 00:00:00','Địa chỉ 482','0680896710','user779@example.com','user961','1ba358219b8d773029783cb44a51f877','https://res.cloudinary.com/doe6rzwse/image/upload/v1663062934/rywurihjjegsyms1zew3.jpg',_binary '','ROLE_ADMIN',_binary '\0'),(243,'Người dùng 909','Nữ','1986-05-06 00:00:00','Địa chỉ 282','0928269920','user755@example.com','user14','424a0646017c6e88c863bc62fed65434','https://res.cloudinary.com/doe6rzwse/image/upload/v1663062934/rywurihjjegsyms1zew3.jpg',_binary '','ROLE_CUSTOMER',_binary '\0'),(244,'Người dùng 721','Nữ','1997-03-12 00:00:00','Địa chỉ 497','0705223657','user869@example.com','user329','9d44ee5f24149a115e040f6d44f387f0','https://res.cloudinary.com/doe6rzwse/image/upload/v1663062934/rywurihjjegsyms1zew3.jpg',_binary '','ROLE_ADMIN',_binary '\0'),(245,'Người dùng 338','Nam','1975-10-23 00:00:00','Địa chỉ 445','0147473705','user927@example.com','user479','83f2a2895134f4348db481912db35aad','https://res.cloudinary.com/doe6rzwse/image/upload/v1663062934/rywurihjjegsyms1zew3.jpg',_binary '\0','ROLE_DRIVER',_binary '\0'),(246,'Người dùng 954','Nữ','1972-02-23 00:00:00','Địa chỉ 576','0837979244','user369@example.com','user386','69bf050bd37099cc126479fe48b12478','https://res.cloudinary.com/doe6rzwse/image/upload/v1663062934/rywurihjjegsyms1zew3.jpg',_binary '\0','ROLE_CUSTOMER',_binary '\0'),(247,'Người dùng 656','Nữ','1991-04-27 00:00:00','Địa chỉ 356','0230058189','user652@example.com','user826','78d470352d19b2679c5f9a5ccb112737','https://res.cloudinary.com/doe6rzwse/image/upload/v1663062934/rywurihjjegsyms1zew3.jpg',_binary '','ROLE_CUSTOMER',_binary '\0'),(249,'Người dùng 426','Nam','2037-11-13 00:00:00','Địa chỉ 418','0149641655','user21@example.com','user940','8cfcf3c401f5400f3a365cbacc2cbcb1','https://res.cloudinary.com/doe6rzwse/image/upload/v1663062934/rywurihjjegsyms1zew3.jpg',_binary '','ROLE_DRIVER',_binary '\0'),(285,'Người dùng 486','Nam','2019-04-19 00:00:00','Địa chỉ 493','0988292143','user455@example.com','user316','0450402fa4b806ac19acda185ba216ec','https://res.cloudinary.com/doe6rzwse/image/upload/v1663062934/rywurihjjegsyms1zew3.jpg',_binary '','ROLE_DRIVER',_binary '\0'),(286,'Người dùng 631','Nữ','1978-09-12 00:00:00','Địa chỉ 245','0969322854','user93@example.com','user569','c1ed86ea1d78a34175bc687ec0367069','https://res.cloudinary.com/doe6rzwse/image/upload/v1663062934/rywurihjjegsyms1zew3.jpg',_binary '','ROLE_DRIVER',_binary '\0'),(287,'Người dùng 331','Nam','2047-09-01 00:00:00','Địa chỉ 220','0793844359','user194@example.com','user657','7339a328296411e6422cf8c4eb5ee33b','https://res.cloudinary.com/doe6rzwse/image/upload/v1663062934/rywurihjjegsyms1zew3.jpg',_binary '','ROLE_EMPLOYEE',_binary '\0'),(288,'Người dùng 163','Nữ','2046-03-26 00:00:00','Địa chỉ 459','0107614612','user665@example.com','user299','955ae19a46da2000bf8203e9fb5366fb','https://res.cloudinary.com/doe6rzwse/image/upload/v1663062934/rywurihjjegsyms1zew3.jpg',_binary '','ROLE_ADMIN',_binary '\0'),(289,'Người dùng 682','Nữ','2034-08-20 00:00:00','Địa chỉ 816','0227213229','user258@example.com','user868','b451d045b65a96dc4c67c6660231a73d','https://res.cloudinary.com/doe6rzwse/image/upload/v1663062934/rywurihjjegsyms1zew3.jpg',_binary '\0','ROLE_EMPLOYEE',_binary '\0'),(290,'Người dùng 870','Nam','2051-07-13 00:00:00','Địa chỉ 20','0693211557','user232@example.com','user185','1bbd388095dca9399fb2631175618099','https://res.cloudinary.com/doe6rzwse/image/upload/v1663062934/rywurihjjegsyms1zew3.jpg',_binary '\0','ROLE_DRIVER',_binary '\0'),(291,'Người dùng 575','Nam','1980-12-27 00:00:00','Địa chỉ 847','0918950591','user5@example.com','user300','69a4d1fa3164563dbd3c5041bfeb4e06','https://res.cloudinary.com/doe6rzwse/image/upload/v1663062934/rywurihjjegsyms1zew3.jpg',_binary '\0','ROLE_ADMIN',_binary '\0'),(292,'Người dùng 699','Nữ','2002-10-03 00:00:00','Địa chỉ 181','0933733382','user86@example.com','user653','a65cdb38aae6ad94c5268f56a8bad9f4','https://res.cloudinary.com/doe6rzwse/image/upload/v1663062934/rywurihjjegsyms1zew3.jpg',_binary '\0','ROLE_DRIVER',_binary '\0'),(293,'Người dùng 616','Nam','1980-07-26 00:00:00','Địa chỉ 555','0512898840','user628@example.com','user765','2076a93d2910c3069021ff60538f418d','https://res.cloudinary.com/doe6rzwse/image/upload/v1663062934/rywurihjjegsyms1zew3.jpg',_binary '\0','ROLE_ADMIN',_binary '\0'),(294,'Người dùng 723','Nữ','1996-09-03 00:00:00','Địa chỉ 472','0604672546','user387@example.com','user253','0825dee1b5a856323ab9b02237ffbb12','https://res.cloudinary.com/doe6rzwse/image/upload/v1663062934/rywurihjjegsyms1zew3.jpg',_binary '','ROLE_CUSTOMER',_binary '\0'),(309,'Người dùng 150','Nữ','2051-05-22 00:00:00','Địa chỉ 909','0196815404','user808@example.com','user719','2f53f75f79508ae88bf79759f93e35be','https://res.cloudinary.com/doe6rzwse/image/upload/v1663062934/rywurihjjegsyms1zew3.jpg',_binary '','ROLE_DRIVER',_binary '\0'),(310,'Người dùng 94','Nữ','2052-12-04 00:00:00','Địa chỉ 78','0914269589','user288@example.com','user726','fe3d9fd14dfec75f315fc0a369f1f8ac','https://res.cloudinary.com/doe6rzwse/image/upload/v1663062934/rywurihjjegsyms1zew3.jpg',_binary '\0','ROLE_ADMIN',_binary '\0'),(311,'Người dùng 486','Nữ','1975-04-19 00:00:00','Địa chỉ 957','0663525335','user259@example.com','user419','0d55b6d5bfb44e37ccedcd9a4503153e','https://res.cloudinary.com/doe6rzwse/image/upload/v1663062934/rywurihjjegsyms1zew3.jpg',_binary '','ROLE_DRIVER',_binary '\0'),(312,'Người dùng 6','Nữ','2017-07-13 00:00:00','Địa chỉ 78','0971643923','user605@example.com','user123','30dfc24da87ee2061abbdd3f29c1f82e','https://res.cloudinary.com/doe6rzwse/image/upload/v1663062934/rywurihjjegsyms1zew3.jpg',_binary '','ROLE_CUSTOMER',_binary '\0'),(313,'Người dùng 237','Nam','2019-08-14 00:00:00','Địa chỉ 555','0360615342','user781@example.com','user36','018213e7ace1b367b2f213dc689cb774','https://res.cloudinary.com/doe6rzwse/image/upload/v1663062934/rywurihjjegsyms1zew3.jpg',_binary '','ROLE_DRIVER',_binary '\0'),(314,'Người dùng 513','Nam','2000-04-30 00:00:00','Địa chỉ 609','0224447473','user862@example.com','user897','bcf8e15005c8fcbdde3e6f82dd4753fc','https://res.cloudinary.com/doe6rzwse/image/upload/v1663062934/rywurihjjegsyms1zew3.jpg',_binary '\0','ROLE_CUSTOMER',_binary '\0'),(315,'Người dùng 489','Nữ','2026-09-03 00:00:00','Địa chỉ 812','0425062046','user369@example.com','user761','26cb749da8595e9e5aee9f6ce5c4c749','https://res.cloudinary.com/doe6rzwse/image/upload/v1663062934/rywurihjjegsyms1zew3.jpg',_binary '\0','ROLE_CUSTOMER',_binary '\0'),(316,'Người dùng 234','Nam','2023-09-14 00:00:00','Địa chỉ 140','0184328756','user45@example.com','user947','b3abbcc1b35fa4a2bcefb3afa2196868','https://res.cloudinary.com/doe6rzwse/image/upload/v1663062934/rywurihjjegsyms1zew3.jpg',_binary '','ROLE_CUSTOMER',_binary '\0'),(317,'Người dùng 123','Nữ','2048-10-12 00:00:00','Địa chỉ 644','0872417661','user358@example.com','user216','8b94876a2061b54a3eefff219b625dd0','https://res.cloudinary.com/doe6rzwse/image/upload/v1663062934/rywurihjjegsyms1zew3.jpg',_binary '','ROLE_CUSTOMER',_binary '\0'),(318,'Người dùng 955','Nữ','2033-10-28 00:00:00','Địa chỉ 887','0572619121','user961@example.com','user233','be5c3c84a878899622bd70513ebb6947','https://res.cloudinary.com/doe6rzwse/image/upload/v1663062934/rywurihjjegsyms1zew3.jpg',_binary '','ROLE_DRIVER',_binary '\0'),(331,'Người dùng 223','Nam','2032-07-03 00:00:00','Địa chỉ 147','0876793110','user872@example.com','user773','d47cab737488b9eed705e1cc82655457','https://res.cloudinary.com/doe6rzwse/image/upload/v1663062934/rywurihjjegsyms1zew3.jpg',_binary '','ROLE_DRIVER',_binary '\0'),(332,'Người dùng 730','Nữ','2010-07-31 00:00:00','Địa chỉ 671','0224804706','user679@example.com','user982','f317b879a40a1e18c6d98754944254bd','https://res.cloudinary.com/doe6rzwse/image/upload/v1663062934/rywurihjjegsyms1zew3.jpg',_binary '\0','ROLE_ADMIN',_binary '\0'),(333,'Người dùng 413','Nam','2015-11-04 00:00:00','Địa chỉ 673','0990780565','user929@example.com','user679','8b12b737c1aaf0b62042df9e67c654dd','https://res.cloudinary.com/doe6rzwse/image/upload/v1663062934/rywurihjjegsyms1zew3.jpg',_binary '\0','ROLE_CUSTOMER',_binary '\0'),(334,'Người dùng 186','Nữ','2062-01-06 00:00:00','Địa chỉ 712','0820222452','user864@example.com','user923','86a34aba549391b7d688c7c19227563e','https://res.cloudinary.com/doe6rzwse/image/upload/v1663062934/rywurihjjegsyms1zew3.jpg',_binary '','ROLE_ADMIN',_binary '\0'),(335,'Người dùng 55','Nam','1994-06-09 00:00:00','Địa chỉ 175','0230620886','user198@example.com','user558','bb3d0ba86e0baf034be9e8da1e67ce01','https://res.cloudinary.com/doe6rzwse/image/upload/v1663062934/rywurihjjegsyms1zew3.jpg',_binary '','ROLE_DRIVER',_binary '\0'),(336,'Người dùng 830','Nữ','2027-01-17 00:00:00','Địa chỉ 815','0430486379','user388@example.com','user842','4aa6908bb06088b83e484d60167e1535','https://res.cloudinary.com/doe6rzwse/image/upload/v1663062934/rywurihjjegsyms1zew3.jpg',_binary '\0','ROLE_CUSTOMER',_binary '\0'),(337,'Người dùng 42','Nữ','2024-11-06 00:00:00','Địa chỉ 336','0134190151','user179@example.com','user785','25ea63cae229f211506b93642ff521c6','https://res.cloudinary.com/doe6rzwse/image/upload/v1663062934/rywurihjjegsyms1zew3.jpg',_binary '','ROLE_DRIVER',_binary '\0'),(338,'Người dùng 317','Nam','2052-10-10 00:00:00','Địa chỉ 470','0884520659','user945@example.com','user112','436449943f36b5a3fa0254ea4d01f664','https://res.cloudinary.com/doe6rzwse/image/upload/v1663062934/rywurihjjegsyms1zew3.jpg',_binary '\0','ROLE_EMPLOYEE',_binary '\0'),(339,'Người dùng 961','Nữ','2008-05-07 00:00:00','Địa chỉ 556','0670930730','user500@example.com','user601','a66f70c39db184e4dbc94c28d2e18c0c','https://res.cloudinary.com/doe6rzwse/image/upload/v1663062934/rywurihjjegsyms1zew3.jpg',_binary '\0','ROLE_CUSTOMER',_binary '\0'),(340,'Người dùng 566','Nam','2057-10-22 00:00:00','Địa chỉ 644','0630142260','user11@example.com','user289','b015becbc1d3ca2e381c79e8fd650e53','https://res.cloudinary.com/doe6rzwse/image/upload/v1663062934/rywurihjjegsyms1zew3.jpg',_binary '','ROLE_ADMIN',_binary '\0'),(385,'Người dùng 636','Nam','2019-04-02 00:00:00','Địa chỉ 822','0669743549','user698@example.com','user595','b9a20f667eb19743e0d7a879ef8aa778','https://res.cloudinary.com/doe6rzwse/image/upload/v1663062934/rywurihjjegsyms1zew3.jpg',_binary '\0','ROLE_DRIVER',_binary '\0'),(386,'Người dùng 192','Nữ','2053-01-12 00:00:00','Địa chỉ 306','0137141214','user286@example.com','user311','27fcd53b4d94eaa238e9903a414d1309','https://res.cloudinary.com/doe6rzwse/image/upload/v1663062934/rywurihjjegsyms1zew3.jpg',_binary '','ROLE_CUSTOMER',_binary '\0'),(387,'Người dùng 533','Nam','1986-07-03 00:00:00','Địa chỉ 165','0400468679','user171@example.com','user858','41b77eff29a8c102899eafb3020df59a','https://res.cloudinary.com/doe6rzwse/image/upload/v1663062934/rywurihjjegsyms1zew3.jpg',_binary '\0','ROLE_CUSTOMER',_binary '\0'),(388,'Người dùng 154','Nữ','2019-03-27 00:00:00','Địa chỉ 887','0965050295','user142@example.com','user831','d2d2ea050329985d8e26b1335beb273e','https://res.cloudinary.com/doe6rzwse/image/upload/v1663062934/rywurihjjegsyms1zew3.jpg',_binary '','ROLE_ADMIN',_binary '\0'),(389,'Người dùng 483','Nam','2013-11-27 00:00:00','Địa chỉ 861','0990342233','user362@example.com','user844','d3cadaf5ef443d85cd07a429dbf2248f','https://res.cloudinary.com/doe6rzwse/image/upload/v1663062934/rywurihjjegsyms1zew3.jpg',_binary '\0','ROLE_ADMIN',_binary '\0'),(390,'Người dùng 909','Nữ','2007-07-13 00:00:00','Địa chỉ 814','0950532533','user282@example.com','user577','67d57291feea1524d43aaa8632c3b316','https://res.cloudinary.com/doe6rzwse/image/upload/v1663062934/rywurihjjegsyms1zew3.jpg',_binary '\0','ROLE_CUSTOMER',_binary '\0'),(391,'Người dùng 687','Nữ','2018-11-26 00:00:00','Địa chỉ 114','0197062804','user194@example.com','user647','b38b1d3030dfb38196535cbfaf664d81','https://res.cloudinary.com/doe6rzwse/image/upload/v1663062934/rywurihjjegsyms1zew3.jpg',_binary '','ROLE_CUSTOMER',_binary '\0'),(392,'Người dùng 285','Nữ','2027-06-12 00:00:00','Địa chỉ 13','0408990698','user676@example.com','user353','23b5e36396c4a932babf0cef9ce095c5','https://res.cloudinary.com/doe6rzwse/image/upload/v1663062934/rywurihjjegsyms1zew3.jpg',_binary '','ROLE_CUSTOMER',_binary '\0'),(393,'Người dùng 576','Nữ','1988-06-22 00:00:00','Địa chỉ 775','0389964926','user285@example.com','user458','1fbad77e81a27ccfb1ad7f5757820c46','https://res.cloudinary.com/doe6rzwse/image/upload/v1663062934/rywurihjjegsyms1zew3.jpg',_binary '','ROLE_DRIVER',_binary '\0'),(394,'Người dùng 892','Nam','2060-05-29 00:00:00','Địa chỉ 972','0234296733','user829@example.com','user698','df5440905ea79f1ffbda4876e3d160ba','https://res.cloudinary.com/doe6rzwse/image/upload/v1663062934/rywurihjjegsyms1zew3.jpg',_binary '','ROLE_DRIVER',_binary '\0'),(429,'Người dùng 790','Nam','2013-09-17 00:00:00','Địa chỉ 301','0274920989','user68@example.com','user758','8942a1b0ef3c3b079daf5f4c51537cb1','https://res.cloudinary.com/doe6rzwse/image/upload/v1663062934/rywurihjjegsyms1zew3.jpg',_binary '','ROLE_DRIVER',_binary '\0'),(430,'Người dùng 796','Nam','2018-10-06 00:00:00','Địa chỉ 511','0187221536','user948@example.com','user452','da794817347ba9d2d9035160c7507339','https://res.cloudinary.com/doe6rzwse/image/upload/v1663062934/rywurihjjegsyms1zew3.jpg',_binary '\0','ROLE_DRIVER',_binary '\0'),(431,'Người dùng 496','Nữ','2001-05-11 00:00:00','Địa chỉ 486','0543752942','user5@example.com','user545','a5d5d2eaa853dff51fde204d724596af','https://res.cloudinary.com/doe6rzwse/image/upload/v1663062934/rywurihjjegsyms1zew3.jpg',_binary '','ROLE_EMPLOYEE',_binary '\0'),(432,'Người dùng 831','Nam','2052-04-06 00:00:00','Địa chỉ 522','0232272740','user165@example.com','user388','bad8233c6e63d8df9704ae8b182fb27a','https://res.cloudinary.com/doe6rzwse/image/upload/v1663062934/rywurihjjegsyms1zew3.jpg',_binary '','ROLE_DRIVER',_binary '\0'),(433,'Người dùng 690','Nữ','1987-09-07 00:00:00','Địa chỉ 735','0232669189','user530@example.com','user209','9a9cabe680921374580ffca324f4715d','https://res.cloudinary.com/doe6rzwse/image/upload/v1663062934/rywurihjjegsyms1zew3.jpg',_binary '','ROLE_DRIVER',_binary '\0'),(434,'Người dùng 150','Nam','2034-08-07 00:00:00','Địa chỉ 372','0930286999','user496@example.com','user714','681ba22e2d9174de07486eeffd52b52c','https://res.cloudinary.com/doe6rzwse/image/upload/v1663062934/rywurihjjegsyms1zew3.jpg',_binary '\0','ROLE_CUSTOMER',_binary '\0'),(435,'Người dùng 713','Nữ','2002-12-16 00:00:00','Địa chỉ 366','0857779524','user111@example.com','user31','cae108bab0ed650cddfcbeb9051c014d','https://res.cloudinary.com/doe6rzwse/image/upload/v1663062934/rywurihjjegsyms1zew3.jpg',_binary '','ROLE_ADMIN',_binary '\0'),(436,'Người dùng 479','Nữ','2017-07-22 00:00:00','Địa chỉ 829','0750822542','user125@example.com','user459','9dadda5c68bc29a0aaca0e8020a273ae','https://res.cloudinary.com/doe6rzwse/image/upload/v1663062934/rywurihjjegsyms1zew3.jpg',_binary '\0','ROLE_ADMIN',_binary '\0'),(437,'Người dùng 536','Nữ','2066-04-20 00:00:00','Địa chỉ 871','0521392430','user726@example.com','user228','ecb76adf6de45c8fb7616ba0529b3ec6','https://res.cloudinary.com/doe6rzwse/image/upload/v1663062934/rywurihjjegsyms1zew3.jpg',_binary '','ROLE_CUSTOMER',_binary '\0'),(438,'Người dùng 31','Nữ','2043-01-02 00:00:00','Địa chỉ 156','0631263817','user483@example.com','user645','ba374672d169f607a65d4affef71475e','https://res.cloudinary.com/doe6rzwse/image/upload/v1663062934/rywurihjjegsyms1zew3.jpg',_binary '\0','ROLE_ADMIN',_binary '\0'),(454,'Người dùng 121','Nam','2048-11-26 00:00:00','Địa chỉ 452','0906358180','user121@example.com','user921','30fdae04894c02cb890d9d4560590385','https://res.cloudinary.com/doe6rzwse/image/upload/v1663062934/rywurihjjegsyms1zew3.jpg',_binary '','ROLE_EMPLOYEE',_binary '\0'),(455,'Người dùng 144','Nữ','1989-08-06 00:00:00','Địa chỉ 601','0477489055','user292@example.com','user205','3fb7e338940c4921e589f7e8b349b94d','https://res.cloudinary.com/doe6rzwse/image/upload/v1663062934/rywurihjjegsyms1zew3.jpg',_binary '\0','ROLE_CUSTOMER',_binary '\0'),(456,'Người dùng 478','Nữ','2028-06-17 00:00:00','Địa chỉ 910','0817043452','user253@example.com','user876','405b96bfe1be2174519da5cca75825c9','https://res.cloudinary.com/doe6rzwse/image/upload/v1663062934/rywurihjjegsyms1zew3.jpg',_binary '','ROLE_ADMIN',_binary '\0'),(457,'Người dùng 151','Nữ','1996-02-20 00:00:00','Địa chỉ 277','0644606077','user192@example.com','user144','9212e58cde7e121b9d75e769f0915546','https://res.cloudinary.com/doe6rzwse/image/upload/v1663062934/rywurihjjegsyms1zew3.jpg',_binary '\0','ROLE_CUSTOMER',_binary '\0'),(458,'Người dùng 645','Nam','2050-11-04 00:00:00','Địa chỉ 395','0598525133','user582@example.com','user248','bbc8eca6951605be82db2beb4b1a411d','https://res.cloudinary.com/doe6rzwse/image/upload/v1663062934/rywurihjjegsyms1zew3.jpg',_binary '\0','ROLE_DRIVER',_binary '\0'),(459,'Người dùng 814','Nam','2058-10-13 00:00:00','Địa chỉ 839','0580778258','user152@example.com','user159','8a88ac1e08ed3f5e147404022ce5dd4e','https://res.cloudinary.com/doe6rzwse/image/upload/v1663062934/rywurihjjegsyms1zew3.jpg',_binary '\0','ROLE_CUSTOMER',_binary '\0'),(460,'Người dùng 774','Nam','1990-08-24 00:00:00','Địa chỉ 914','0956252082','user14@example.com','user218','2cb78436e775c66d49f90fc33dd0f5dc','https://res.cloudinary.com/doe6rzwse/image/upload/v1663062934/rywurihjjegsyms1zew3.jpg',_binary '','ROLE_ADMIN',_binary '\0'),(461,'Người dùng 649','Nam','1989-01-07 00:00:00','Địa chỉ 68','0792906208','user645@example.com','user916','f77eaa3b351935cdcf087b3d6b9a9862','https://res.cloudinary.com/doe6rzwse/image/upload/v1663062934/rywurihjjegsyms1zew3.jpg',_binary '\0','ROLE_CUSTOMER',_binary '\0'),(462,'Người dùng 404','Nam','2045-06-15 00:00:00','Địa chỉ 792','0729488424','user119@example.com','user498','2a285640e8c0479fb06d5249d65f0ec5','https://res.cloudinary.com/doe6rzwse/image/upload/v1663062934/rywurihjjegsyms1zew3.jpg',_binary '\0','ROLE_DRIVER',_binary '\0'),(463,'Người dùng 507','Nữ','2030-03-21 00:00:00','Địa chỉ 335','0882901393','user343@example.com','user108','060fa018e4be370f8d81e89f9caa6583','https://res.cloudinary.com/doe6rzwse/image/upload/v1663062934/rywurihjjegsyms1zew3.jpg',_binary '','ROLE_CUSTOMER',_binary '\0'),(523,'Người dùng 923','Nữ','2020-02-27 00:00:00','Địa chỉ 344','0296584986','user58@example.com','user636','9c0a5cfba275d0945065f31387f9815d','https://res.cloudinary.com/doe6rzwse/image/upload/v1663062934/rywurihjjegsyms1zew3.jpg',_binary '','ROLE_CUSTOMER',_binary '\0'),(524,'Người dùng 830','Nam','2030-09-01 00:00:00','Địa chỉ 574','0146920589','user537@example.com','user530','46f587dc0e126a2e33481813087df34d','https://res.cloudinary.com/doe6rzwse/image/upload/v1663062934/rywurihjjegsyms1zew3.jpg',_binary '','ROLE_CUSTOMER',_binary '\0'),(525,'Người dùng 803','Nam','2023-06-14 00:00:00','Địa chỉ 905','0933169584','user911@example.com','user778','3b51bde4c6d5bdb637ae36abdd5cca4a','https://res.cloudinary.com/doe6rzwse/image/upload/v1663062934/rywurihjjegsyms1zew3.jpg',_binary '','ROLE_DRIVER',_binary '\0'),(526,'Người dùng 491','Nữ','1979-04-02 00:00:00','Địa chỉ 121','0399054854','user295@example.com','user480','db4bacbb3ab315f4f4bbec44e51353a3','https://res.cloudinary.com/doe6rzwse/image/upload/v1663062934/rywurihjjegsyms1zew3.jpg',_binary '\0','ROLE_DRIVER',_binary '\0'),(527,'Người dùng 734','Nữ','2033-10-08 00:00:00','Địa chỉ 684','0557127100','user487@example.com','user911','a559f4c3507f676dcddc8dd1eca6d018','https://res.cloudinary.com/doe6rzwse/image/upload/v1663062934/rywurihjjegsyms1zew3.jpg',_binary '\0','ROLE_CUSTOMER',_binary '\0'),(528,'Người dùng 307','Nữ','2000-12-06 00:00:00','Địa chỉ 807','0199521488','user129@example.com','user317','0fb989f8ae531bcc9e784b32553184ed','https://res.cloudinary.com/doe6rzwse/image/upload/v1663062934/rywurihjjegsyms1zew3.jpg',_binary '','ROLE_DRIVER',_binary '\0'),(529,'Người dùng 60','Nữ','1974-09-29 00:00:00','Địa chỉ 499','0419039485','user274@example.com','user308','a004d81323e6d2441b7345f575f98f37','https://res.cloudinary.com/doe6rzwse/image/upload/v1663062934/rywurihjjegsyms1zew3.jpg',_binary '\0','ROLE_CUSTOMER',_binary '\0'),(530,'Người dùng 197','Nữ','1980-11-02 00:00:00','Địa chỉ 522','0357137256','user862@example.com','user453','ae614ff7b4d2de0dcff5ffb7b8ca3ad1','https://res.cloudinary.com/doe6rzwse/image/upload/v1663062934/rywurihjjegsyms1zew3.jpg',_binary '\0','ROLE_DRIVER',_binary '\0'),(531,'Người dùng 460','Nam','1993-02-20 00:00:00','Địa chỉ 989','0329233247','user304@example.com','user756','af1ea96612478cf53be1414843f13325','https://res.cloudinary.com/doe6rzwse/image/upload/v1663062934/rywurihjjegsyms1zew3.jpg',_binary '','ROLE_DRIVER',_binary '\0'),(532,'Người dùng 546','Nữ','2054-06-07 00:00:00','Địa chỉ 731','0210500604','user420@example.com','user734','0e3b8ca844b180a77f00992663ef0525','https://res.cloudinary.com/doe6rzwse/image/upload/v1663062934/rywurihjjegsyms1zew3.jpg',_binary '','ROLE_DRIVER',_binary '\0'),(629,'Người dùng 827','Nữ','2052-11-13 00:00:00','Địa chỉ 356','0368219970','user419@example.com','user204','a641a787794b47685792b919574a9be1','https://res.cloudinary.com/doe6rzwse/image/upload/v1663062934/rywurihjjegsyms1zew3.jpg',_binary '','ROLE_DRIVER',_binary '\0'),(630,'Người dùng 937','Nữ','2020-12-15 00:00:00','Địa chỉ 154','0319733015','user757@example.com','user52','a7b6b85891b0f7f6c3707ab543ee397d','https://res.cloudinary.com/doe6rzwse/image/upload/v1663062934/rywurihjjegsyms1zew3.jpg',_binary '\0','ROLE_CUSTOMER',_binary '\0'),(631,'Người dùng 792','Nam','2015-07-23 00:00:00','Địa chỉ 977','0570904601','user682@example.com','user841','d2db0c63afa545d9be4ba73f8ee47497','https://res.cloudinary.com/doe6rzwse/image/upload/v1663062934/rywurihjjegsyms1zew3.jpg',_binary '','ROLE_CUSTOMER',_binary '\0'),(632,'Người dùng 133','Nữ','1975-08-18 00:00:00','Địa chỉ 806','0877247388','user898@example.com','user902','fd6af09fc641941f92ea96b6bc369785','https://res.cloudinary.com/doe6rzwse/image/upload/v1663062934/rywurihjjegsyms1zew3.jpg',_binary '\0','ROLE_CUSTOMER',_binary '\0'),(633,'Người dùng 953','Nữ','2010-09-25 00:00:00','Địa chỉ 676','0245746362','user779@example.com','user410','1122920c778721ba1c089f4a40c5799f','https://res.cloudinary.com/doe6rzwse/image/upload/v1663062934/rywurihjjegsyms1zew3.jpg',_binary '','ROLE_DRIVER',_binary '\0'),(634,'Người dùng 116','Nam','2011-02-22 00:00:00','Địa chỉ 200','0790735829','user236@example.com','user879','a8c18be2ae8d881a3b9c1d9a86c6a11d','https://res.cloudinary.com/doe6rzwse/image/upload/v1663062934/rywurihjjegsyms1zew3.jpg',_binary '','ROLE_DRIVER',_binary '\0'),(635,'Người dùng 941','Nam','2022-06-11 00:00:00','Địa chỉ 13','0544655106','user429@example.com','user667','953accf53ee60579918aae12c428d62c','https://res.cloudinary.com/doe6rzwse/image/upload/v1663062934/rywurihjjegsyms1zew3.jpg',_binary '\0','ROLE_CUSTOMER',_binary '\0'),(636,'Người dùng 677','Nam','2039-10-27 00:00:00','Địa chỉ 253','0255137945','user101@example.com','user991','80bbf81f4b1a58d67061cee2e6bc4a0f','https://res.cloudinary.com/doe6rzwse/image/upload/v1663062934/rywurihjjegsyms1zew3.jpg',_binary '\0','ROLE_DRIVER',_binary '\0'),(637,'Người dùng 713','Nam','1978-02-28 00:00:00','Địa chỉ 475','0217332172','user226@example.com','user742','8ed6985a76aee0342607ae5621f0b36b','https://res.cloudinary.com/doe6rzwse/image/upload/v1663062934/rywurihjjegsyms1zew3.jpg',_binary '','ROLE_ADMIN',_binary '\0'),(638,'Người dùng 931','Nữ','2007-11-23 00:00:00','Địa chỉ 190','0834556159','user509@example.com','user96','1f06aae8a5f680d83117ef4fe057ad52','https://res.cloudinary.com/doe6rzwse/image/upload/v1663062934/rywurihjjegsyms1zew3.jpg',_binary '','ROLE_DRIVER',_binary '\0'),(675,'Người dùng 852','Nữ','2021-09-28 00:00:00','Địa chỉ 942','0245954621','user982@example.com','user424','4c20f4e9cbe9f79efc14a62a7f26d601','https://res.cloudinary.com/doe6rzwse/image/upload/v1663062934/rywurihjjegsyms1zew3.jpg',_binary '','ROLE_DRIVER',_binary '\0'),(676,'Người dùng 514','Nam','1993-01-03 00:00:00','Địa chỉ 486','0769079089','user256@example.com','user54','d4646e8f64e879305bbd3a4df8823aae','https://res.cloudinary.com/doe6rzwse/image/upload/v1663062934/rywurihjjegsyms1zew3.jpg',_binary '\0','ROLE_CUSTOMER',_binary '\0'),(677,'Người dùng 878','Nữ','2041-11-21 00:00:00','Địa chỉ 781','0775171701','user406@example.com','user783','47ad25d90c5744787352b2c44cce4c23','https://res.cloudinary.com/doe6rzwse/image/upload/v1663062934/rywurihjjegsyms1zew3.jpg',_binary '','ROLE_CUSTOMER',_binary '\0'),(678,'Người dùng 825','Nam','2014-01-26 00:00:00','Địa chỉ 852','0948435011','user154@example.com','user945','ed480755d3c3ad071e6070c66da56a1d','https://res.cloudinary.com/doe6rzwse/image/upload/v1663062934/rywurihjjegsyms1zew3.jpg',_binary '','ROLE_DRIVER',_binary '\0'),(679,'Người dùng 289','Nữ','2030-11-18 00:00:00','Địa chỉ 557','0963384662','user125@example.com','user747','6b7df47cfa4fda66a5d04afe42ef6864','https://res.cloudinary.com/doe6rzwse/image/upload/v1663062934/rywurihjjegsyms1zew3.jpg',_binary '','ROLE_ADMIN',_binary '\0'),(680,'Người dùng 710','Nam','2010-03-07 00:00:00','Địa chỉ 288','0315406512','user329@example.com','user931','281c26ab7402b686a0b795c7dfe5bfef','https://res.cloudinary.com/doe6rzwse/image/upload/v1663062934/rywurihjjegsyms1zew3.jpg',_binary '','ROLE_CUSTOMER',_binary '\0'),(681,'Người dùng 459','Nam','1970-01-26 00:00:00','Địa chỉ 976','0891823935','user469@example.com','user709','127637f32b514da34f5db5c75dc2d234','https://res.cloudinary.com/doe6rzwse/image/upload/v1663062934/rywurihjjegsyms1zew3.jpg',_binary '\0','ROLE_CUSTOMER',_binary '\0'),(682,'Người dùng 796','Nam','2059-11-15 00:00:00','Địa chỉ 920','0916389327','user773@example.com','user146','3a299910624dd156527b9aee3890c8d2','https://res.cloudinary.com/doe6rzwse/image/upload/v1663062934/rywurihjjegsyms1zew3.jpg',_binary '','ROLE_CUSTOMER',_binary '\0'),(683,'Người dùng 69','Nam','2041-12-01 00:00:00','Địa chỉ 638','0131215039','user258@example.com','user186','6ea08e75f4301bd7da207ddaa022986c','https://res.cloudinary.com/doe6rzwse/image/upload/v1663062934/rywurihjjegsyms1zew3.jpg',_binary '','ROLE_CUSTOMER',_binary '\0'),(684,'Người dùng 357','Nữ','2013-07-10 00:00:00','Địa chỉ 270','0143464188','user429@example.com','user0','d9f07878ed975c0664b93ed4ebe23814','https://res.cloudinary.com/doe6rzwse/image/upload/v1663062934/rywurihjjegsyms1zew3.jpg',_binary '','ROLE_DRIVER',_binary '\0'),(741,'Người dùng 928','Nữ','2019-01-08 00:00:00','Địa chỉ 85','0961496750','user529@example.com','user775','4c147033e37c6b1aa9a70fbeab4ccc78','https://res.cloudinary.com/doe6rzwse/image/upload/v1663062934/rywurihjjegsyms1zew3.jpg',_binary '','ROLE_CUSTOMER',_binary '\0'),(742,'Người dùng 145','Nữ','1999-03-05 00:00:00','Địa chỉ 22','0311703993','user109@example.com','user843','91e8b7f883352bc324b2a7e7ea5351b9','https://res.cloudinary.com/doe6rzwse/image/upload/v1663062934/rywurihjjegsyms1zew3.jpg',_binary '','ROLE_CUSTOMER',_binary '\0'),(743,'Người dùng 939','Nam','1984-04-22 00:00:00','Địa chỉ 938','0338133745','user506@example.com','user739','1c02cae58257c3bbe47edd922a5469a1','https://res.cloudinary.com/doe6rzwse/image/upload/v1663062934/rywurihjjegsyms1zew3.jpg',_binary '','ROLE_ADMIN',_binary '\0'),(744,'Người dùng 119','Nữ','2052-04-08 00:00:00','Địa chỉ 404','0599568119','user561@example.com','user142','7ff612fb158065900028c5b58cbea2ec','https://res.cloudinary.com/doe6rzwse/image/upload/v1663062934/rywurihjjegsyms1zew3.jpg',_binary '\0','ROLE_ADMIN',_binary '\0'),(745,'Người dùng 579','Nữ','2053-11-30 00:00:00','Địa chỉ 248','0751347535','user873@example.com','user198','0c890e1c5caa7d76d5a63639784f4ebd','https://res.cloudinary.com/doe6rzwse/image/upload/v1663062934/rywurihjjegsyms1zew3.jpg',_binary '\0','ROLE_ADMIN',_binary '\0'),(746,'Người dùng 4','Nam','2020-12-21 00:00:00','Địa chỉ 434','0677121705','user903@example.com','user596','f1fba128544cae7fe581389b8f870510','https://res.cloudinary.com/doe6rzwse/image/upload/v1663062934/rywurihjjegsyms1zew3.jpg',_binary '','ROLE_ADMIN',_binary '\0'),(747,'Người dùng 56','Nam','2002-02-27 00:00:00','Địa chỉ 513','0641327130','user467@example.com','user533','373536b8575d14e7f7c7d7794d531c40','https://res.cloudinary.com/doe6rzwse/image/upload/v1663062934/rywurihjjegsyms1zew3.jpg',_binary '','ROLE_ADMIN',_binary '\0'),(748,'Người dùng 731','Nữ','1995-09-07 00:00:00','Địa chỉ 813','0367558085','user45@example.com','user337','03ed8b5db794f16c6fdbd4f397952b99','https://res.cloudinary.com/doe6rzwse/image/upload/v1663062934/rywurihjjegsyms1zew3.jpg',_binary '','ROLE_CUSTOMER',_binary '\0'),(749,'Người dùng 847','Nữ','2050-01-05 00:00:00','Địa chỉ 795','0619696714','user500@example.com','user770','a44bae89726a3ad613d4014685a4afd1','https://res.cloudinary.com/doe6rzwse/image/upload/v1663062934/rywurihjjegsyms1zew3.jpg',_binary '\0','ROLE_CUSTOMER',_binary '\0'),(750,'Người dùng 107','Nữ','2041-06-21 00:00:00','Địa chỉ 950','0647491026','user190@example.com','user125','77e06573b20b00496f1912f2a100fa97','https://res.cloudinary.com/doe6rzwse/image/upload/v1663062934/rywurihjjegsyms1zew3.jpg',_binary '\0','ROLE_CUSTOMER',_binary '\0'),(772,'Người dùng 256','Nam','2004-03-06 00:00:00','Địa chỉ 841','0263970033','user386@example.com','user385','d2e3116e510709fe31547c6fc5e2e1b2','https://res.cloudinary.com/doe6rzwse/image/upload/v1663062934/rywurihjjegsyms1zew3.jpg',_binary '\0','ROLE_CUSTOMER',_binary '\0'),(773,'Người dùng 427','Nam','1979-04-27 00:00:00','Địa chỉ 841','0934437293','user111@example.com','user777','5357a3675aa2cda25bbe847f66ea8367','https://res.cloudinary.com/doe6rzwse/image/upload/v1663062934/rywurihjjegsyms1zew3.jpg',_binary '\0','ROLE_ADMIN',_binary '\0'),(774,'Người dùng 989','Nam','2025-02-04 00:00:00','Địa chỉ 643','0610400748','user903@example.com','user816','b214e149308070639056d094268c7b30','https://res.cloudinary.com/doe6rzwse/image/upload/v1663062934/rywurihjjegsyms1zew3.jpg',_binary '','ROLE_CUSTOMER',_binary '\0'),(775,'Người dùng 416','Nữ','1978-05-31 00:00:00','Địa chỉ 219','0861648201','user572@example.com','user322','fe90d89ed5e2ea88cfe4356c4156f1ca','https://res.cloudinary.com/doe6rzwse/image/upload/v1663062934/rywurihjjegsyms1zew3.jpg',_binary '','ROLE_DRIVER',_binary '\0'),(776,'Người dùng 605','Nam','2059-08-26 00:00:00','Địa chỉ 654','0622658100','user941@example.com','user965','5354ea7f4203d947c65666f7ae096270','https://res.cloudinary.com/doe6rzwse/image/upload/v1663062934/rywurihjjegsyms1zew3.jpg',_binary '','ROLE_DRIVER',_binary '\0'),(777,'Người dùng 691','Nam','2031-08-08 00:00:00','Địa chỉ 265','0530113170','user593@example.com','user536','e02717d371ad23b97eb8e2c22adaf49a','https://res.cloudinary.com/doe6rzwse/image/upload/v1663062934/rywurihjjegsyms1zew3.jpg',_binary '','ROLE_ADMIN',_binary '\0'),(778,'Người dùng 906','Nữ','2028-07-27 00:00:00','Địa chỉ 546','0975685161','user226@example.com','user215','2733ddda989cf987b6a77d0d1bbf16c7','https://res.cloudinary.com/doe6rzwse/image/upload/v1663062934/rywurihjjegsyms1zew3.jpg',_binary '\0','ROLE_DRIVER',_binary '\0'),(779,'Người dùng 483','Nữ','1985-10-11 00:00:00','Địa chỉ 823','0677954508','user741@example.com','user781','42c718a7e7f935fd1d5d8b6ab9244887','https://res.cloudinary.com/doe6rzwse/image/upload/v1663062934/rywurihjjegsyms1zew3.jpg',_binary '\0','ROLE_ADMIN',_binary '\0'),(780,'Người dùng 235','Nam','2063-09-06 00:00:00','Địa chỉ 97','0708240715','user87@example.com','user409','4e0ffd75444cb1fc6d7ec1a7bb30613c','https://res.cloudinary.com/doe6rzwse/image/upload/v1663062934/rywurihjjegsyms1zew3.jpg',_binary '\0','ROLE_DRIVER',_binary '\0'),(781,'Người dùng 145','Nữ','2005-06-19 00:00:00','Địa chỉ 298','0487844457','user257@example.com','user996','10519f7dc288706f4c124d00cb0a31ad','https://res.cloudinary.com/doe6rzwse/image/upload/v1663062934/rywurihjjegsyms1zew3.jpg',_binary '','ROLE_DRIVER',_binary '\0'),(854,'Người dùng 867','Nam','2053-07-07 00:00:00','Địa chỉ 113','0157069738','user975@example.com','user688','0226f5427464af51e8aaaa3fc873f150','https://res.cloudinary.com/doe6rzwse/image/upload/v1663062934/rywurihjjegsyms1zew3.jpg',_binary '\0','ROLE_EMPLOYEE',_binary '\0'),(855,'Người dùng 84','Nam','2003-10-01 00:00:00','Địa chỉ 932','0683853284','user446@example.com','user288','60d4486f88f1b4757353282a6baf29d5','https://res.cloudinary.com/doe6rzwse/image/upload/v1663062934/rywurihjjegsyms1zew3.jpg',_binary '','ROLE_CUSTOMER',_binary '\0'),(856,'Người dùng 753','Nam','2054-05-26 00:00:00','Địa chỉ 758','0332823074','user19@example.com','user319','d87d931b75e6f7ae10e986585412c991','https://res.cloudinary.com/doe6rzwse/image/upload/v1663062934/rywurihjjegsyms1zew3.jpg',_binary '\0','ROLE_ADMIN',_binary '\0'),(857,'Người dùng 490','Nữ','2037-12-07 00:00:00','Địa chỉ 306','0545269858','user554@example.com','user286','1479612357ef997bd6ea3940b98bdcd3','https://res.cloudinary.com/doe6rzwse/image/upload/v1663062934/rywurihjjegsyms1zew3.jpg',_binary '','ROLE_ADMIN',_binary '\0'),(858,'Người dùng 943','Nữ','2000-06-08 00:00:00','Địa chỉ 841','0362889945','user937@example.com','user810','aca05ffcfd8c2b50ffb152a9bacdd8ab','https://res.cloudinary.com/doe6rzwse/image/upload/v1663062934/rywurihjjegsyms1zew3.jpg',_binary '\0','ROLE_DRIVER',_binary '\0'),(859,'Người dùng 859','Nữ','2027-11-08 00:00:00','Địa chỉ 798','0332715949','user896@example.com','user706','ab0206789f8b6ee33bf941872f09e108','https://res.cloudinary.com/doe6rzwse/image/upload/v1663062934/rywurihjjegsyms1zew3.jpg',_binary '','ROLE_CUSTOMER',_binary '\0'),(860,'Người dùng 224','Nam','2062-03-01 00:00:00','Địa chỉ 851','0544974748','user916@example.com','user99','84232209e998256d7aa1c818862d4198','https://res.cloudinary.com/doe6rzwse/image/upload/v1663062934/rywurihjjegsyms1zew3.jpg',_binary '','ROLE_CUSTOMER',_binary '\0'),(861,'Người dùng 301','Nữ','2001-06-07 00:00:00','Địa chỉ 839','0330001434','user758@example.com','user26','0891802e5299a912cb69b545dd07e825','https://res.cloudinary.com/doe6rzwse/image/upload/v1663062934/rywurihjjegsyms1zew3.jpg',_binary '\0','ROLE_CUSTOMER',_binary '\0'),(862,'Người dùng 846','Nam','2028-03-18 00:00:00','Địa chỉ 37','0497554049','user95@example.com','user153','e085f2888295a0e51deaf812125939de','https://res.cloudinary.com/doe6rzwse/image/upload/v1663062934/rywurihjjegsyms1zew3.jpg',_binary '\0','ROLE_CUSTOMER',_binary '\0'),(863,'Người dùng 587','Nữ','2012-01-29 00:00:00','Địa chỉ 993','0735762737','user550@example.com','user634','ac5fed48f535f098273a9bb80b899c89','https://res.cloudinary.com/doe6rzwse/image/upload/v1663062934/rywurihjjegsyms1zew3.jpg',_binary '','ROLE_CUSTOMER',_binary '\0'),(994,'Người dùng 133','Nữ','1988-06-27 00:00:00','Địa chỉ 973','0381383549','user642@example.com','user276','56f2e89632f562a1a8acc4a1d559f044','https://res.cloudinary.com/doe6rzwse/image/upload/v1663062934/rywurihjjegsyms1zew3.jpg',_binary '','ROLE_DRIVER',_binary '\0'),(995,'Người dùng 199','Nam','2001-05-05 00:00:00','Địa chỉ 219','0240966775','user125@example.com','user155','897727182a1502ae4d7184aebde14d54','https://res.cloudinary.com/doe6rzwse/image/upload/v1663062934/rywurihjjegsyms1zew3.jpg',_binary '','ROLE_DRIVER',_binary '\0'),(996,'Người dùng 0','Nữ','1991-12-01 00:00:00','Địa chỉ 763','0246198939','user520@example.com','user114','3c09d4128355dece66666f70774f3ddf','https://res.cloudinary.com/doe6rzwse/image/upload/v1663062934/rywurihjjegsyms1zew3.jpg',_binary '','ROLE_DRIVER',_binary '\0'),(997,'Người dùng 65','Nữ','2040-02-04 00:00:00','Địa chỉ 365','0751479426','user523@example.com','user445','254863d6089c4931923f014fa120a5e7','https://res.cloudinary.com/doe6rzwse/image/upload/v1663062934/rywurihjjegsyms1zew3.jpg',_binary '','ROLE_CUSTOMER',_binary '\0'),(998,'Người dùng 642','Nữ','1979-07-22 00:00:00','Địa chỉ 263','0129372118','user371@example.com','user760','e7f0fd3684fbbeea147b8b9e6449a201','https://res.cloudinary.com/doe6rzwse/image/upload/v1663062934/rywurihjjegsyms1zew3.jpg',_binary '','ROLE_ADMIN',_binary '\0'),(999,'Người dùng 142','Nam','2009-12-30 00:00:00','Địa chỉ 303','0383951338','user668@example.com','user394','6bfcfa4e092733fae787dd4462fb4677','https://res.cloudinary.com/doe6rzwse/image/upload/v1663062934/rywurihjjegsyms1zew3.jpg',_binary '\0','ROLE_ADMIN',_binary '\0'),(1000,'Người dùng 878','Nữ','1979-12-13 00:00:00','Địa chỉ 455','0981410134','user530@example.com','user712','807052dedcc3a95b68aa0e55401cc4fe','https://res.cloudinary.com/doe6rzwse/image/upload/v1663062934/rywurihjjegsyms1zew3.jpg',_binary '','ROLE_CUSTOMER',_binary '\0'),(1001,'Người dùng 473','Nam','2035-01-15 00:00:00','Địa chỉ 409','0187016442','user254@example.com','user983','0554c68e83388d41a1a5a328690ae1c7','https://res.cloudinary.com/doe6rzwse/image/upload/v1663062934/rywurihjjegsyms1zew3.jpg',_binary '','ROLE_CUSTOMER',_binary '\0'),(1002,'Người dùng 360','Nữ','2053-09-09 00:00:00','Địa chỉ 32','0686644397','user161@example.com','user852','b2619893c493bf390060615520a2a214','https://res.cloudinary.com/doe6rzwse/image/upload/v1663062934/rywurihjjegsyms1zew3.jpg',_binary '\0','ROLE_DRIVER',_binary '\0'),(1003,'Người dùng 413','Nữ','2057-11-21 00:00:00','Địa chỉ 722','0976439827','user702@example.com','user592','67629422b7799b1ccc90775bce8909aa','https://res.cloudinary.com/doe6rzwse/image/upload/v1663062934/rywurihjjegsyms1zew3.jpg',_binary '','ROLE_ADMIN',_binary '\0'),(1048,'Lua','Nu','2023-10-19 00:00:00','','','','Lua','$2a$10$Mcr4sk1VIWbRWwRMCmNUMe9ZUCLUAwAlBc7ce0.3xOVbxmfjGUVfW','https://res.cloudinary.com/doe6rzwse/image/upload/v1663062934/rywurihjjegsyms1zew3.jpg',_binary '','ROLE_CUSTOMER',_binary '\0'),(1049,'abc','Nam','2023-10-13 00:00:00','','','','abc','$2a$10$BqEB5LFVv8iq4uppLtB.WurAMrxsH04hpazM/vUfikEG5cwbtRUPe','https://res.cloudinary.com/doe6rzwse/image/upload/v1663062934/rywurihjjegsyms1zew3.jpg',_binary '','ROLE_DRIVER',_binary '\0'),(1050,'Employee','Nam','2023-10-19 00:00:00','','','','Employee','$2a$10$rdq3bSpvFaznRxAjAeKkdeqEtUN8A5J0af0/wmvmpc2XtqFl1JV3e','https://res.cloudinary.com/doe6rzwse/image/upload/v1663062934/rywurihjjegsyms1zew3.jpg',_binary '','ROLE_EMPLOYEE',_binary '\0'),(1051,'Lua','Nu',NULL,'','','',NULL,NULL,'https://res.cloudinary.com/doe6rzwse/image/upload/v1663062934/rywurihjjegsyms1zew3.jpg',NULL,NULL,_binary '\0'),(1052,'Lua','Nu',NULL,'','','',NULL,NULL,'https://res.cloudinary.com/doe6rzwse/image/upload/v1663062934/rywurihjjegsyms1zew3.jpg',NULL,NULL,_binary '\0'),(1054,'Lua','Nu',NULL,'','','',NULL,NULL,NULL,NULL,NULL,_binary '\0'),(1055,'Lua','Nu',NULL,'','','',NULL,NULL,NULL,NULL,NULL,_binary '\0');
/*!40000 ALTER TABLE `user` ENABLE KEYS */;
UNLOCK TABLES;
/*!40103 SET TIME_ZONE=@OLD_TIME_ZONE */;

/*!40101 SET SQL_MODE=@OLD_SQL_MODE */;
/*!40014 SET FOREIGN_KEY_CHECKS=@OLD_FOREIGN_KEY_CHECKS */;
/*!40014 SET UNIQUE_CHECKS=@OLD_UNIQUE_CHECKS */;
/*!40101 SET CHARACTER_SET_CLIENT=@OLD_CHARACTER_SET_CLIENT */;
/*!40101 SET CHARACTER_SET_RESULTS=@OLD_CHARACTER_SET_RESULTS */;
/*!40101 SET COLLATION_CONNECTION=@OLD_COLLATION_CONNECTION */;
/*!40111 SET SQL_NOTES=@OLD_SQL_NOTES */;

-- Dump completed on 2023-11-09 14:29:43
