-- MySQL dump 10.13  Distrib 8.0.32, for Win64 (x86_64)
--
-- Host: localhost    Database: ticketdb
-- ------------------------------------------------------
-- Server version	8.0.32

/*!40101 SET @OLD_CHARACTER_SET_CLIENT=@@CHARACTER_SET_CLIENT */;
/*!40101 SET @OLD_CHARACTER_SET_RESULTS=@@CHARACTER_SET_RESULTS */;
/*!40101 SET @OLD_COLLATION_CONNECTION=@@COLLATION_CONNECTION */;
/*!50503 SET NAMES utf8 */;
/*!40103 SET @OLD_TIME_ZONE=@@TIME_ZONE */;
/*!40103 SET TIME_ZONE='+00:00' */;
/*!40014 SET @OLD_UNIQUE_CHECKS=@@UNIQUE_CHECKS, UNIQUE_CHECKS=0 */;
/*!40014 SET @OLD_FOREIGN_KEY_CHECKS=@@FOREIGN_KEY_CHECKS, FOREIGN_KEY_CHECKS=0 */;
/*!40101 SET @OLD_SQL_MODE=@@SQL_MODE, SQL_MODE='NO_AUTO_VALUE_ON_ZERO' */;
/*!40111 SET @OLD_SQL_NOTES=@@SQL_NOTES, SQL_NOTES=0 */;

--
-- Table structure for table `coach`
--

DROP TABLE IF EXISTS `coach`;
/*!40101 SET @saved_cs_client     = @@character_set_client */;
/*!50503 SET character_set_client = utf8mb4 */;
CREATE TABLE `coach` (
  `id` int NOT NULL AUTO_INCREMENT,
  `name` varchar(45) CHARACTER SET utf8mb4 COLLATE utf8mb4_unicode_ci NOT NULL,
  `totalseat` int NOT NULL,
  `license_plates` varchar(45) CHARACTER SET utf8mb4 COLLATE utf8mb4_unicode_ci NOT NULL,
  PRIMARY KEY (`id`),
  UNIQUE KEY `license_plates_UNIQUE` (`license_plates`)
) ENGINE=InnoDB AUTO_INCREMENT=266 DEFAULT CHARSET=utf8mb4 COLLATE=utf8mb4_unicode_ci;
/*!40101 SET character_set_client = @saved_cs_client */;

--
-- Dumping data for table `coach`
--

LOCK TABLES `coach` WRITE;
/*!40000 ALTER TABLE `coach` DISABLE KEYS */;
INSERT INTO `coach` VALUES (1,'Phương Trang',4,'XE01'),(2,'Thành Bưởi',4,'XE02'),(5,'Nhat Doan',45,'XE03'),(6,'Mai Linh',45,'LicensePlate399'),(8,'Hãng Xe 520',45,'LicensePlate848'),(9,'Hãng Xe 681',45,'LicensePlate863'),(10,'Hãng Xe 270',45,'LicensePlate764'),(11,'Hãng Xe 8',45,'LicensePlate751'),(12,'Hãng Xe 732',45,'LicensePlate404'),(13,'Hãng Xe 828',45,'LicensePlate925'),(14,'Hãng Xe 144',45,'LicensePlate945'),(15,'Hãng Xe 294',45,'LicensePlate634'),(21,'Hãng Xe 289',45,'LicensePlate542'),(22,'Hãng Xe 846',45,'LicensePlate605'),(23,'Hãng Xe 485',45,'LicensePlate611'),(24,'Hãng Xe 601',45,'LicensePlate172'),(25,'Hãng Xe 59',45,'LicensePlate780'),(26,'Hãng Xe 721',45,'LicensePlate267'),(27,'Hãng Xe 174',45,'LicensePlate66'),(28,'Hãng Xe 811',45,'LicensePlate859'),(29,'Hãng Xe 860',45,'LicensePlate723'),(30,'Hãng Xe 37',45,'LicensePlate16'),(36,'Hãng Xe 969',45,'LicensePlate799'),(37,'Hãng Xe 88',45,'LicensePlate43'),(38,'Hãng Xe 952',45,'LicensePlate632'),(39,'Hãng Xe 302',45,'LicensePlate615'),(40,'Hãng Xe 172',45,'LicensePlate14'),(41,'Hãng Xe 555',45,'LicensePlate734'),(42,'Hãng Xe 4',45,'LicensePlate818'),(43,'Hãng Xe 78',45,'LicensePlate937'),(44,'Hãng Xe 454',45,'LicensePlate456'),(45,'Hãng Xe 920',45,'LicensePlate234'),(51,'Hãng Xe 409',45,'LicensePlate342'),(52,'Hãng Xe 483',45,'LicensePlate392'),(53,'Hãng Xe 512',45,'LicensePlate384'),(54,'Hãng Xe 385',45,'LicensePlate772'),(55,'Hãng Xe 706',45,'LicensePlate214'),(56,'Hãng Xe 951',45,'LicensePlate115'),(57,'Hãng Xe 723',45,'LicensePlate271'),(58,'Hãng Xe 185',45,'LicensePlate112'),(59,'Hãng Xe 6',45,'LicensePlate695'),(60,'Hãng Xe 457',45,'LicensePlate201'),(66,'Hãng Xe 634',45,'LicensePlate569'),(67,'Hãng Xe 944',45,'LicensePlate11'),(68,'Hãng Xe 223',45,'LicensePlate84'),(69,'Hãng Xe 753',45,'LicensePlate512'),(70,'Hãng Xe 300',45,'LicensePlate968'),(71,'Hãng Xe 937',45,'LicensePlate782'),(72,'Hãng Xe 102',45,'LicensePlate162'),(73,'Hãng Xe 505',45,'LicensePlate39'),(74,'Hãng Xe 681',45,'LicensePlate287'),(75,'Hãng Xe 393',45,'LicensePlate103'),(84,'Hãng Xe 783',45,'LicensePlate786'),(85,'Hãng Xe 583',45,'LicensePlate558'),(86,'Hãng Xe 38',45,'LicensePlate519'),(87,'Hãng Xe 481',45,'LicensePlate847'),(88,'Hãng Xe 793',45,'LicensePlate424'),(89,'Hãng Xe 744',45,'LicensePlate448'),(90,'Hãng Xe 7',45,'LicensePlate692'),(91,'Hãng Xe 439',45,'LicensePlate118'),(92,'Hãng Xe 275',45,'LicensePlate23'),(93,'Hãng Xe 290',45,'LicensePlate379'),(99,'Hãng Xe 27',45,'LicensePlate998'),(100,'Hãng Xe 908',45,'LicensePlate547'),(101,'Hãng Xe 10',45,'LicensePlate412'),(102,'Hãng Xe 28',45,'LicensePlate905'),(103,'Hãng Xe 442',45,'LicensePlate496'),(104,'Hãng Xe 156',45,'LicensePlate291'),(105,'Hãng Xe 987',45,'LicensePlate62'),(106,'Hãng Xe 352',45,'LicensePlate573'),(107,'Hãng Xe 811',45,'LicensePlate337'),(108,'Hãng Xe 250',45,'LicensePlate241'),(114,'Hãng Xe 457',45,'LicensePlate561'),(115,'Hãng Xe 434',45,'LicensePlate487'),(116,'Hãng Xe 135',45,'LicensePlate215'),(117,'Hãng Xe 668',45,'LicensePlate697'),(118,'Hãng Xe 479',45,'LicensePlate308'),(119,'Hãng Xe 102',45,'LicensePlate585'),(120,'Hãng Xe 621',45,'LicensePlate350'),(121,'Hãng Xe 890',45,'LicensePlate398'),(122,'Hãng Xe 320',45,'LicensePlate408'),(123,'Hãng Xe 78',45,'LicensePlate168'),(151,'Hãng Xe 74',45,'LicensePlate360'),(152,'Hãng Xe 580',45,'LicensePlate819'),(153,'Hãng Xe 355',45,'LicensePlate318'),(154,'Hãng Xe 527',45,'LicensePlate683'),(155,'Hãng Xe 834',45,'LicensePlate119'),(156,'Hãng Xe 95',45,'LicensePlate120'),(157,'Hãng Xe 316',45,'LicensePlate219'),(158,'Hãng Xe 146',45,'LicensePlate77'),(159,'Hãng Xe 945',45,'LicensePlate494'),(160,'Hãng Xe 637',45,'LicensePlate703'),(166,'Hãng Xe 606',45,'LicensePlate919'),(167,'Hãng Xe 780',45,'LicensePlate144'),(168,'Hãng Xe 379',45,'LicensePlate462'),(169,'Hãng Xe 176',45,'LicensePlate495'),(170,'Hãng Xe 946',45,'LicensePlate248'),(171,'Hãng Xe 401',45,'LicensePlate261'),(172,'Hãng Xe 103',45,'LicensePlate731'),(173,'Hãng Xe 347',45,'LicensePlate544'),(174,'Hãng Xe 678',45,'LicensePlate758'),(175,'Hãng Xe 755',45,'LicensePlate503'),(199,'Hãng Xe 56',45,'LicensePlate991'),(200,'Hãng Xe 788',45,'LicensePlate965'),(201,'Hãng Xe 463',45,'LicensePlate422'),(202,'Hãng Xe 721',45,'LicensePlate341'),(203,'Hãng Xe 540',45,'LicensePlate679'),(204,'Hãng Xe 777',45,'LicensePlate845'),(205,'Hãng Xe 897',45,'LicensePlate949'),(206,'Hãng Xe 54',45,'LicensePlate423'),(207,'Hãng Xe 956',45,'LicensePlate509'),(208,'Hãng Xe 677',45,'LicensePlate860'),(251,'Hãng Xe 816',45,'LicensePlate128'),(252,'Hãng Xe 191',45,'LicensePlate572'),(253,'Hãng Xe 288',45,'LicensePlate725'),(254,'Hãng Xe 760',45,'LicensePlate626'),(255,'Hãng Xe 849',45,'LicensePlate367'),(256,'Hãng Xe 291',45,'LicensePlate353'),(257,'Hãng Xe 895',45,'LicensePlate414'),(258,'Hãng Xe 385',45,'LicensePlate686'),(259,'Hãng Xe 274',45,'LicensePlate311'),(260,'Hãng Xe 735',45,'LicensePlate744');
/*!40000 ALTER TABLE `coach` ENABLE KEYS */;
UNLOCK TABLES;

--
-- Table structure for table `feedback`
--

DROP TABLE IF EXISTS `feedback`;
/*!40101 SET @saved_cs_client     = @@character_set_client */;
/*!50503 SET character_set_client = utf8mb4 */;
CREATE TABLE `feedback` (
  `id` int NOT NULL AUTO_INCREMENT,
  `id_customer` int NOT NULL,
  `id_trip` int NOT NULL,
  `rate` int DEFAULT NULL,
  `comment` varchar(250) CHARACTER SET utf8mb4 COLLATE utf8mb4_unicode_ci DEFAULT NULL,
  `created_date` datetime DEFAULT CURRENT_TIMESTAMP,
  PRIMARY KEY (`id`),
  KEY `FK_FEEDBACK_CUSTOMER_idx` (`id_customer`),
  KEY `FK_FEEDBACK_TRIP_idx` (`id_trip`),
  CONSTRAINT `FK_FEEDBACK_CUSTOMER` FOREIGN KEY (`id_customer`) REFERENCES `user` (`id`),
  CONSTRAINT `FK_FEEDBACK_TRIP` FOREIGN KEY (`id_trip`) REFERENCES `trip` (`id`)
) ENGINE=InnoDB AUTO_INCREMENT=19 DEFAULT CHARSET=utf8mb4 COLLATE=utf8mb4_unicode_ci;
/*!40101 SET character_set_client = @saved_cs_client */;

--
-- Dumping data for table `feedback`
--

LOCK TABLES `feedback` WRITE;
/*!40000 ALTER TABLE `feedback` DISABLE KEYS */;
INSERT INTO `feedback` VALUES (1,4,1,5,'Good','2022-09-01 09:45:46'),(2,4,4,NULL,'Chất lượng phục vụ tốt','2022-10-11 01:36:54'),(3,4,1,NULL,'Chuyến xe đầy đủ tiện nghi','2022-10-11 01:37:03'),(4,4,3,5,'Giá cả hợp lý','2022-10-11 09:49:02'),(5,4,1,NULL,'Chất lượng phục vụ tốt','2022-10-11 09:49:08'),(6,5,2,NULL,'Chuyến đi vui vẻ','2022-10-11 09:49:16'),(7,4,1,NULL,'Tài xế thân thiện','2022-10-11 09:49:27'),(8,5,2,NULL,'Chuyến xe đầy đủ tiện nghi','2022-10-11 09:49:30'),(9,4,1,NULL,'Chuyến đi vui vẻ','2022-10-11 09:50:01'),(10,4,2,NULL,'Thú vị','2022-10-11 09:50:11'),(11,4,1,NULL,'Tuyệt vời','2022-10-12 15:57:32'),(12,5,2,NULL,'Good','2022-10-12 22:23:31'),(13,4,1,NULL,'Giá cả hợp lý','2022-10-13 01:02:13'),(14,4,3,NULL,'Trải nghiệm tốt','2022-10-13 01:02:17'),(15,5,1,NULL,'Like','2022-10-13 01:40:25'),(17,2,12,NULL,'Chuyến xe an toàn','2022-10-28 15:17:54'),(18,1048,12,NULL,'oke','2023-10-19 22:19:23');
/*!40000 ALTER TABLE `feedback` ENABLE KEYS */;
UNLOCK TABLES;

--
-- Table structure for table `route`
--

DROP TABLE IF EXISTS `route`;
/*!40101 SET @saved_cs_client     = @@character_set_client */;
/*!50503 SET character_set_client = utf8mb4 */;
CREATE TABLE `route` (
  `id` int NOT NULL AUTO_INCREMENT,
  `start` varchar(45) CHARACTER SET utf8mb4 COLLATE utf8mb4_unicode_ci NOT NULL,
  `end` varchar(45) CHARACTER SET utf8mb4 COLLATE utf8mb4_unicode_ci NOT NULL,
  PRIMARY KEY (`id`)
) ENGINE=InnoDB AUTO_INCREMENT=316 DEFAULT CHARSET=utf8mb4 COLLATE=utf8mb4_unicode_ci;
/*!40101 SET character_set_client = @saved_cs_client */;

--
-- Dumping data for table `route`
--

LOCK TABLES `route` WRITE;
/*!40000 ALTER TABLE `route` DISABLE KEYS */;
INSERT INTO `route` VALUES (1,'Hồ Chí Minh','Đà Lạt'),(2,'Hà Nội','Hồ Chí Minh'),(3,'Cần Thơ ','Hồ Chí Minh'),(4,'Hồ Chí Minh','Vũng Tàu'),(5,'Hà Nội','Hải Phòng'),(8,'Việt Nam','Mỹ'),(10,'Start26','End59'),(11,'Start18','End15'),(12,'Start18','End48'),(15,'Start84','End78'),(16,'Start39','End61'),(17,'Start88','End56'),(18,'Start18','End23'),(19,'Start59','End30'),(22,'Start71','End68'),(23,'Start26','End29'),(24,'Start65','End37'),(25,'Start93','End52'),(26,'Start82','End55'),(29,'Start30','End85'),(30,'Start34','End17'),(31,'Start83','End63'),(32,'Start69','End57'),(33,'Start80','End26'),(36,'Start91','End78'),(37,'Start16','End48'),(38,'Start91','End12'),(39,'Start89','End10'),(40,'Start81','End76'),(43,'Start36','End53'),(44,'Start58','End33'),(45,'Start92','End60'),(46,'Start25','End44'),(47,'Start47','End5'),(50,'Start81','End94'),(51,'Start26','End48'),(52,'Start62','End69'),(53,'Start58','End85'),(54,'Start52','End4'),(57,'Start65','End12'),(58,'Start68','End4'),(59,'Start16','End70'),(60,'Start3','End5'),(61,'Start14','End59'),(64,'Start52','End83'),(65,'Start58','End42'),(66,'Start36','End55'),(67,'Start66','End65'),(68,'Start30','End53'),(71,'Start74','End15'),(72,'Start54','End24'),(73,'Start61','End31'),(74,'Start72','End68'),(75,'Start23','End13'),(78,'Start98','End48'),(79,'Start49','End1'),(80,'Start58','End88'),(81,'Start65','End61'),(82,'Start13','End82'),(85,'Start70','End5'),(86,'Start17','End70'),(87,'Start0','End91'),(88,'Start56','End6'),(89,'Start62','End94'),(92,'Start82','End32'),(93,'Start11','End61'),(94,'Start73','End83'),(95,'Start96','End32'),(96,'Start70','End56'),(99,'Start69','End79'),(100,'Start89','End6'),(101,'Start66','End11'),(102,'Start58','End58'),(103,'Start15','End1'),(106,'Start60','End99'),(107,'Start17','End88'),(108,'Start90','End86'),(109,'Start60','End41'),(110,'Start28','End18'),(113,'Start6','End75'),(114,'Start57','End62'),(115,'Start41','End19'),(116,'Start71','End98'),(117,'Start77','End93'),(120,'Start36','End99'),(121,'Start86','End36'),(122,'Start22','End2'),(123,'Start44','End16'),(124,'Start47','End90'),(127,'Start9','End74'),(128,'Start43','End96'),(129,'Start52','End71'),(130,'Start1','End93'),(131,'Start60','End24'),(134,'Start41','End34'),(135,'Start45','End27'),(136,'Start97','End7'),(137,'Start42','End90'),(138,'Start25','End57'),(141,'Start10','End80'),(142,'Start69','End8'),(143,'Start31','End33'),(144,'Start73','End66'),(145,'Start10','End54'),(148,'Start38','End32'),(149,'Start44','End27'),(150,'Start2','End31'),(151,'Start49','End54'),(152,'Start24','End56'),(155,'Start8','End72'),(156,'Start37','End70'),(157,'Start38','End81'),(158,'Start94','End24'),(159,'Start42','End36'),(162,'Start55','End68'),(163,'Start75','End70'),(164,'Start28','End28'),(165,'Start59','End11'),(166,'Start80','End67'),(169,'Start93','End67'),(170,'Start58','End87'),(171,'Start61','End45'),(172,'Start42','End76'),(173,'Start56','End52'),(176,'Start91','End0'),(177,'Start27','End35'),(178,'Start95','End72'),(179,'Start76','End62'),(180,'Start85','End37'),(183,'Start33','End54'),(184,'Start70','End91'),(185,'Start44','End48'),(186,'Start10','End5'),(187,'Start95','End60'),(190,'Start15','End95'),(191,'Start31','End73'),(192,'Start70','End33'),(193,'Start55','End76'),(194,'Start16','End54'),(197,'Start21','End45'),(198,'Start62','End73'),(199,'Start83','End96'),(200,'Start31','End66'),(201,'Start40','End4'),(204,'Start97','End75'),(205,'Start83','End93'),(206,'Start17','End7'),(207,'Start83','End94'),(208,'Start23','End34'),(211,'Start1','End2'),(212,'Start10','End45'),(213,'Start93','End30'),(214,'Start72','End69'),(215,'Start32','End54'),(218,'Start73','End2'),(219,'Start95','End66'),(220,'Start47','End38'),(221,'Start48','End27'),(222,'Start93','End85'),(225,'Start44','End67'),(226,'Start3','End16'),(227,'Start72','End12'),(228,'Start46','End91'),(229,'Start21','End29'),(232,'Start85','End37'),(233,'Start31','End43'),(234,'Start22','End83'),(235,'Start49','End96'),(236,'Start34','End82'),(239,'Start7','End92'),(240,'Start40','End25'),(241,'Start3','End41'),(242,'Start95','End54'),(243,'Start86','End66'),(246,'Start74','End72'),(247,'Start37','End72'),(248,'Start48','End27'),(249,'Start90','End68'),(250,'Start72','End54'),(253,'Start58','End27'),(254,'Start62','End28'),(255,'Start57','End99'),(256,'Start23','End22'),(257,'Start39','End30'),(260,'Start33','End76'),(261,'Start83','End87'),(262,'Start87','End74'),(263,'Start11','End34'),(264,'Start36','End79'),(267,'Start88','End2'),(268,'Start48','End35'),(269,'Start30','End45'),(270,'Start38','End52'),(271,'Start50','End92'),(274,'Start13','End88'),(275,'Start0','End38'),(276,'Start90','End39'),(277,'Start22','End95'),(278,'Start9','End60'),(281,'Start75','End94'),(282,'Start45','End46'),(283,'Start95','End37'),(284,'Start99','End84'),(285,'Start26','End77'),(288,'Start7','End5'),(289,'Start3','End1'),(290,'Start96','End77'),(291,'Start99','End66'),(292,'Start33','End65'),(295,'Start27','End42'),(296,'Start27','End12'),(297,'Start80','End64'),(298,'Start81','End11'),(299,'Start14','End37'),(302,'Start46','End17'),(303,'Start50','End97'),(304,'Start36','End88'),(305,'Start34','End4'),(306,'Start21','End92'),(309,'Start98','End13'),(310,'Start74','End32'),(311,'Start37','End90'),(312,'Start40','End32'),(313,'Start38','End96');
/*!40000 ALTER TABLE `route` ENABLE KEYS */;
UNLOCK TABLES;

--
-- Table structure for table `seat`
--

DROP TABLE IF EXISTS `seat`;
/*!40101 SET @saved_cs_client     = @@character_set_client */;
/*!50503 SET character_set_client = utf8mb4 */;
CREATE TABLE `seat` (
  `id` int NOT NULL AUTO_INCREMENT,
  `id_coach` int NOT NULL,
  `name` varchar(10) CHARACTER SET utf8mb4 COLLATE utf8mb4_unicode_ci NOT NULL,
  PRIMARY KEY (`id`),
  KEY `FK_COACH_idx` (`id_coach`),
  CONSTRAINT `FK_COACH` FOREIGN KEY (`id_coach`) REFERENCES `coach` (`id`)
) ENGINE=InnoDB AUTO_INCREMENT=149 DEFAULT CHARSET=utf8mb4 COLLATE=utf8mb4_unicode_ci;
/*!40101 SET character_set_client = @saved_cs_client */;

--
-- Dumping data for table `seat`
--

LOCK TABLES `seat` WRITE;
/*!40000 ALTER TABLE `seat` DISABLE KEYS */;
INSERT INTO `seat` VALUES (1,1,'A01'),(2,1,'A02'),(3,1,'A03'),(4,1,'A04'),(5,2,'A01'),(6,2,'A02'),(7,2,'B01'),(8,2,'B02'),(104,5,'A01'),(105,5,'A02'),(106,5,'A03'),(107,5,'A04'),(108,5,'A05'),(109,5,'A06'),(110,5,'A07'),(111,5,'A08'),(112,5,'A09'),(113,5,'A10'),(114,5,'A11'),(115,5,'A12'),(116,5,'A13'),(117,5,'A14'),(118,5,'A15'),(119,5,'A16'),(120,5,'A17'),(121,5,'A18'),(122,5,'A19'),(123,5,'A20'),(124,5,'A21'),(125,5,'A22'),(126,5,'A23'),(127,5,'A24'),(128,5,'A25'),(129,5,'A26'),(130,5,'A27'),(131,5,'A28'),(132,5,'A29'),(133,5,'A30'),(134,5,'A31'),(135,5,'A32'),(136,5,'A33'),(137,5,'A34'),(138,5,'A35'),(139,5,'A36'),(140,5,'A37'),(141,5,'A38'),(142,5,'A39'),(143,5,'A40'),(144,5,'A41'),(145,5,'A42'),(146,5,'A43'),(147,5,'A44'),(148,5,'A45');
/*!40000 ALTER TABLE `seat` ENABLE KEYS */;
UNLOCK TABLES;

--
-- Table structure for table `ticket`
--

DROP TABLE IF EXISTS `ticket`;
/*!40101 SET @saved_cs_client     = @@character_set_client */;
/*!50503 SET character_set_client = utf8mb4 */;
CREATE TABLE `ticket` (
  `id` int NOT NULL AUTO_INCREMENT,
  `id_user_login` int DEFAULT NULL,
  `id_customer_new` int NOT NULL,
  `id_trip` int NOT NULL,
  `book_date` datetime DEFAULT CURRENT_TIMESTAMP,
  `payment_method` varchar(45) CHARACTER SET utf8mb4 COLLATE utf8mb4_unicode_ci DEFAULT NULL,
  `payment_date` datetime DEFAULT NULL,
  `payment_content` varchar(250) CHARACTER SET utf8mb4 COLLATE utf8mb4_unicode_ci DEFAULT NULL,
  `status_ticket` varchar(45) CHARACTER SET utf8mb4 COLLATE utf8mb4_unicode_ci DEFAULT NULL,
  PRIMARY KEY (`id`),
  KEY `FK_TICKET_EMPLOYEE_idx` (`id_user_login`),
  KEY `FK_TICKET_CUSTOMER_idx` (`id_customer_new`),
  KEY `FK_TICKET_TRIP_idx` (`id_trip`),
  CONSTRAINT `FK_TICKET_CUSTOMER` FOREIGN KEY (`id_customer_new`) REFERENCES `user` (`id`),
  CONSTRAINT `FK_TICKET_EMPLOYEE` FOREIGN KEY (`id_user_login`) REFERENCES `user` (`id`),
  CONSTRAINT `FK_TICKET_TRIP` FOREIGN KEY (`id_trip`) REFERENCES `trip` (`id`)
) ENGINE=InnoDB AUTO_INCREMENT=7 DEFAULT CHARSET=utf8mb4 COLLATE=utf8mb4_unicode_ci;
/*!40101 SET character_set_client = @saved_cs_client */;

--
-- Dumping data for table `ticket`
--

LOCK TABLES `ticket` WRITE;
/*!40000 ALTER TABLE `ticket` DISABLE KEYS */;
INSERT INTO `ticket` VALUES (1,2,9,12,'2022-11-01 15:27:00','Trực tiếp','2022-11-01 15:39:00',NULL,'Ðã thanh toán'),(2,2,10,11,'2022-11-01 15:41:00','MoMo','2022-11-01 15:41:00',NULL,'Ðã thanh toán'),(3,4,11,10,'2022-11-01 16:50:00','MoMo','2022-11-01 16:50:00',NULL,'Ðã thanh toán'),(4,4,12,9,'2022-11-01 17:53:00','Trực tiếp',NULL,NULL,'Chưa thanh toán'),(5,1048,1051,12,'2023-10-19 22:21:00','Trực tiếp',NULL,NULL,'Chưa thanh toán'),(6,1048,1052,12,'2023-10-19 22:22:00','Trực tiếp','2023-10-19 22:23:00',NULL,'Ðã thanh toán');
/*!40000 ALTER TABLE `ticket` ENABLE KEYS */;
UNLOCK TABLES;

--
-- Table structure for table `ticket_detail`
--

DROP TABLE IF EXISTS `ticket_detail`;
/*!40101 SET @saved_cs_client     = @@character_set_client */;
/*!50503 SET character_set_client = utf8mb4 */;
CREATE TABLE `ticket_detail` (
  `id_ticket_detail` int NOT NULL AUTO_INCREMENT,
  `id_ticket` int NOT NULL,
  `id_seat` int NOT NULL,
  `price_seat` decimal(10,0) DEFAULT NULL,
  `status_seat` tinyint(1) DEFAULT NULL,
  PRIMARY KEY (`id_ticket_detail`),
  KEY `FK_TICKET_idx` (`id_ticket`),
  KEY `FK_TICKET_SEAT_idx` (`id_seat`),
  CONSTRAINT `FK_TICKET` FOREIGN KEY (`id_ticket`) REFERENCES `ticket` (`id`),
  CONSTRAINT `FK_TICKET_SEAT` FOREIGN KEY (`id_seat`) REFERENCES `seat` (`id`)
) ENGINE=InnoDB AUTO_INCREMENT=11 DEFAULT CHARSET=utf8mb4 COLLATE=utf8mb4_unicode_ci;
/*!40101 SET character_set_client = @saved_cs_client */;

--
-- Dumping data for table `ticket_detail`
--

LOCK TABLES `ticket_detail` WRITE;
/*!40000 ALTER TABLE `ticket_detail` DISABLE KEYS */;
INSERT INTO `ticket_detail` VALUES (1,1,105,150000,1),(2,1,104,150000,1),(3,2,7,0,1),(4,3,7,100000,1),(5,3,6,100000,1),(6,3,5,100000,1),(7,4,1,10000,1),(8,5,106,150000,1),(9,5,107,150000,1),(10,6,109,150000,1);
/*!40000 ALTER TABLE `ticket_detail` ENABLE KEYS */;
UNLOCK TABLES;

--
-- Table structure for table `trip`
--

DROP TABLE IF EXISTS `trip`;
/*!40101 SET @saved_cs_client     = @@character_set_client */;
/*!50503 SET character_set_client = utf8mb4 */;
CREATE TABLE `trip` (
  `id` int NOT NULL AUTO_INCREMENT,
  `name` varchar(45) CHARACTER SET utf8mb4 COLLATE utf8mb4_unicode_ci DEFAULT NULL,
  `image` varchar(150) CHARACTER SET utf8mb4 COLLATE utf8mb4_unicode_ci DEFAULT NULL,
  `start_time` datetime DEFAULT NULL,
  `price` decimal(10,0) NOT NULL,
  `id_driver` int NOT NULL,
  `id_coach` int NOT NULL,
  `id_route` int NOT NULL,
  PRIMARY KEY (`id`),
  KEY `FK_TRIP_USER_idx` (`id_driver`),
  KEY `FK_TRIP_COACH_idx` (`id_coach`),
  KEY `FK_TRIP_ROUTE_idx` (`id_route`),
  CONSTRAINT `FK_TRIP_COACH` FOREIGN KEY (`id_coach`) REFERENCES `coach` (`id`),
  CONSTRAINT `FK_TRIP_ROUTE` FOREIGN KEY (`id_route`) REFERENCES `route` (`id`),
  CONSTRAINT `FK_TRIP_USER` FOREIGN KEY (`id_driver`) REFERENCES `user` (`id`)
) ENGINE=InnoDB AUTO_INCREMENT=13 DEFAULT CHARSET=utf8mb4 COLLATE=utf8mb4_unicode_ci;
/*!40101 SET character_set_client = @saved_cs_client */;

--
-- Dumping data for table `trip`
--

LOCK TABLES `trip` WRITE;
/*!40000 ALTER TABLE `trip` DISABLE KEYS */;
INSERT INTO `trip` VALUES (1,'Hồ Chí Minh - Đà Lạt','https://res.cloudinary.com/doe6rzwse/image/upload/v1661163654/busApp/hn-hcm_j9jqmm.jpg','2023-09-01 10:30:00',300000,3,1,1),(2,'Hà Nội - Hồ Chí Minh','https://res.cloudinary.com/doe6rzwse/image/upload/v1661163654/busApp/hn-hcm_j9jqmm.jpg','2023-09-02 09:30:00',500000,3,2,2),(3,'Hồ Chí Minh - Đà Lạt','https://res.cloudinary.com/doe6rzwse/image/upload/v1661163654/busApp/hn-hcm_j9jqmm.jpg','2023-10-28 00:35:00',50000,3,1,1),(4,'Nha Trang - Đà Lạt','https://res.cloudinary.com/doe6rzwse/image/upload/v1661163654/busApp/hn-hcm_j9jqmm.jpg','2023-10-29 00:36:00',100000,3,2,1),(5,'Hồ Chí Minh - Hà Nội','https://res.cloudinary.com/doe6rzwse/image/upload/v1661163654/busApp/hn-hcm_j9jqmm.jpg','2023-12-01 00:36:00',5000000,3,2,2),(6,'Hà Nội - Hải Phòng','https://res.cloudinary.com/doe6rzwse/image/upload/v1661163654/busApp/hn-hcm_j9jqmm.jpg','2023-11-05 00:42:00',20000,3,2,5),(7,'Cần Thơ - Hồ Chí Minh','https://res.cloudinary.com/doe6rzwse/image/upload/v1661163654/busApp/hn-hcm_j9jqmm.jpg','2023-11-10 00:42:00',50000,3,2,3),(8,'Hồ Chí Minh - Vũng Tàu','https://res.cloudinary.com/doe6rzwse/image/upload/v1661163654/busApp/hn-hcm_j9jqmm.jpg','2023-11-30 00:43:00',250000,3,2,4),(9,'Vùng Tàu - Hồ Chí Minh','https://res.cloudinary.com/doe6rzwse/image/upload/v1661163654/busApp/hn-hcm_j9jqmm.jpg','2023-11-08 00:43:00',10000,3,1,4),(10,'Hà Nội - Hải Phòng','https://res.cloudinary.com/doe6rzwse/image/upload/v1661163654/busApp/hn-hcm_j9jqmm.jpg','2023-11-16 00:44:00',100000,3,2,5),(11,'Hải Phòng - Hà Nội','https://res.cloudinary.com/doe6rzwse/image/upload/v1661163654/busApp/hn-hcm_j9jqmm.jpg','2023-12-31 00:44:00',250000,3,2,5),(12,'Hồ Chí Minh - Vũng Tàu','https://res.cloudinary.com/doe6rzwse/image/upload/v1661163654/busApp/hn-hcm_j9jqmm.jpg','2023-11-24 16:45:00',150000,3,5,4);
/*!40000 ALTER TABLE `trip` ENABLE KEYS */;
UNLOCK TABLES;

--
-- Table structure for table `user`
--

DROP TABLE IF EXISTS `user`;
/*!40101 SET @saved_cs_client     = @@character_set_client */;
/*!50503 SET character_set_client = utf8mb4 */;
CREATE TABLE `user` (
  `id` int NOT NULL AUTO_INCREMENT,
  `fullname` varchar(150) CHARACTER SET utf8mb4 COLLATE utf8mb4_unicode_ci NOT NULL,
  `gender` varchar(5) CHARACTER SET utf8mb4 COLLATE utf8mb4_unicode_ci DEFAULT NULL,
  `birthday` datetime DEFAULT NULL,
  `address` varchar(100) CHARACTER SET utf8mb4 COLLATE utf8mb4_unicode_ci DEFAULT NULL,
  `phone` varchar(10) CHARACTER SET utf8mb4 COLLATE utf8mb4_unicode_ci DEFAULT NULL,
  `email` varchar(45) CHARACTER SET utf8mb4 COLLATE utf8mb4_unicode_ci DEFAULT NULL,
  `username` varchar(45) CHARACTER SET utf8mb4 COLLATE utf8mb4_unicode_ci DEFAULT NULL,
  `password` varchar(100) CHARACTER SET utf8mb4 COLLATE utf8mb4_unicode_ci DEFAULT NULL,
  `avatar` varchar(150) CHARACTER SET utf8mb4 COLLATE utf8mb4_unicode_ci DEFAULT NULL,
  `active` bit(1) DEFAULT b'1',
  `user_role` varchar(45) CHARACTER SET utf8mb4 COLLATE utf8mb4_unicode_ci DEFAULT NULL,
  PRIMARY KEY (`id`),
  UNIQUE KEY `username_UNIQUE` (`username`)
) ENGINE=InnoDB AUTO_INCREMENT=1053 DEFAULT CHARSET=utf8mb4 COLLATE=utf8mb4_unicode_ci;
/*!40101 SET character_set_client = @saved_cs_client */;

--
-- Dumping data for table `user`
--

LOCK TABLES `user` WRITE;
/*!40000 ALTER TABLE `user` DISABLE KEYS */;
INSERT INTO `user` VALUES (1,'Admin','Nam','2023-09-01 00:00:00','HCM','012345678','admin@gmail.com','admin','$2a$10$lXGZX6Bt8HXqtnh33YQwoOtjRE8tTOoV43sPFujYn1wGDiN6NSMny','https://res.cloudinary.com/doe6rzwse/image/upload/v1663062934/rywurihjjegsyms1zew3.jpg',_binary '','ROLE_ADMIN'),(2,'Lisa','Nu','2023-09-01 00:00:00','Korea','012345678','lisa@gmail.com','lisa','$2a$10$qwCBLYE7O7vTpVgHNVX94eqUOIZB6R8qo3Z7VnhCWD3y6GUlNUMtO','https://res.cloudinary.com/doe6rzwse/image/upload/v1663063109/jti0egeiqudta0n3uzw1.jpg',_binary '','ROLE_EMPLOYEE'),(3,'Ken','Nam','2023-09-01 00:00:00','HCM','012345678','ken@gmail.com','ken','$2a$10$pJ6FlNYUa4aGg2uHAskBh.R8KA79KUXxDLYqKeH22Hu/IJzOdBgYO','https://res.cloudinary.com/doe6rzwse/image/upload/v1663063156/nwjocqebxwkj4ywjnez5.jpg',_binary '','ROLE_DRIVER'),(4,'Doraemon','Nam','2023-09-01 00:00:00','Japan','012345678','doraemon@gmail.com','doraemon','$2a$10$EOAdD7325jZCvFtCRPEHiOxBdPtQHdAzeqdhHNqyuQBrg3DCTf0Ae','https://res.cloudinary.com/doe6rzwse/image/upload/v1663063218/hwx1guneigppuhpx5ieu.jpg',_binary '','ROLE_CUSTOMER'),(5,'Shizuka','Nu','2023-09-01 00:00:00','Japan','012345678','shizuka@gmail.com','shizuka','$2a$10$MxOv.yLhC6h6TBk7BsdBWOiTua6cETD.IPlvux.9E8L9mpQs93Pxq','https://res.cloudinary.com/doe6rzwse/image/upload/v1663062934/rywurihjjegsyms1zew3.jpg',_binary '','ROLE_EMPLOYEE'),(9,'Kim','Nu',NULL,'HCM','012345678','kim@gmail.com',NULL,NULL,NULL,NULL,NULL),(10,'Nam','Nam',NULL,'HCM','012345678','nam@gmail.com',NULL,NULL,NULL,NULL,NULL),(11,'Doraemon','Nam',NULL,'Japan','012345678','doraemon@gmail.com',NULL,NULL,NULL,NULL,NULL),(12,'Doraemon','Nam',NULL,'Japan','012345678','doraemon@gmail.com',NULL,NULL,NULL,NULL,NULL),(13,'Da','Nam',NULL,'434312312','0349421079','2051010017anh@ou.edu.vn','DA','$2a$10$ZnDJkHTnh2b5icoAjYusOOB.090eO2HRotCmGrZ.Qj5QyLAVr.Jm.','https://res.cloudinary.com/doe6rzwse/image/upload/v1663062934/rywurihjjegsyms1zew3.jpg',_binary '','ROLE_ADMIN'),(14,'Người dùng 812','Nam','1994-01-09 00:00:00','Địa chỉ 594','0326284051','user473@example.com','user614','519b14f92f931aab3702ef0bd2c6890e','avatar420.jpg',_binary '\0','ROLE_EMPLOYEE'),(16,'Người dùng 372','Nữ','2002-12-09 00:00:00','Địa chỉ 378','0912023946','user377@example.com','user178','aca3a0c6d58d9ade29aae741c87082c3','avatar268.jpg',_binary '\0','ROLE_CUSTOMER'),(17,'Người dùng 8','Nữ','2039-08-15 00:00:00','Địa chỉ 48','0236560274','user614@example.com','user617','c94aa91aad4d62cf33d683faa2e4c284','avatar360.jpg',_binary '\0','ROLE_CUSTOMER'),(18,'Người dùng 198','Nữ','1989-08-28 00:00:00','Địa chỉ 907','0953003635','user16@example.com','user238','6197bc8d63165c72af0eb57034e3deca','avatar4.jpg',_binary '','ROLE_EMPLOYEE'),(20,'Người dùng 13','Nam','2015-12-08 00:00:00','Địa chỉ 796','0643524814','user630@example.com','user340','8c7e30513289722dfa7fbc3f13636933','avatar28.jpg',_binary '','ROLE_CUSTOMER'),(22,'Người dùng 256','Nam','1976-05-18 00:00:00','Địa chỉ 419','0913478562','user262@example.com','user599','6301dfd8eae4b8c013bbd57245126ff0','avatar254.jpg',_binary '','ROLE_CUSTOMER'),(23,'Người dùng 203','Nữ','2054-02-01 00:00:00','Địa chỉ 933','0230558571','user924@example.com','user188','313ea95e88bdb0b13e6828a814e3eb18','avatar276.jpg',_binary '','ROLE_CUSTOMER'),(29,'Người dùng 136','Nữ','2026-03-10 00:00:00','Địa chỉ 226','0501457321','user551@example.com','user418','3ab1d0bb634365f6b043fa5f3258e5d7','avatar935.jpg',_binary '\0','ROLE_ADMIN'),(30,'Người dùng 935','Nam','2022-02-16 00:00:00','Địa chỉ 609','0533958800','user583@example.com','user469','02abdf9f7318c83b02211f96c948cf53','avatar589.jpg',_binary '\0','ROLE_CUSTOMER'),(31,'Người dùng 85','Nữ','2061-09-05 00:00:00','Địa chỉ 879','0683241771','user601@example.com','user61','1522c9a0e26529bee45ccb3e46e9a651','avatar340.jpg',_binary '\0','ROLE_CUSTOMER'),(32,'Người dùng 404','Nam','2010-12-16 00:00:00','Địa chỉ 273','0226995415','user883@example.com','user994','39dc78809ad8a1ea75a93f9b1c6834f4','avatar634.jpg',_binary '\0','ROLE_ADMIN'),(33,'Người dùng 877','Nữ','2057-08-03 00:00:00','Địa chỉ 74','0770227989','user500@example.com','user266','5061270e26caee09001ac735259cbc6e','avatar355.jpg',_binary '\0','ROLE_EMPLOYEE'),(34,'Người dùng 919','Nữ','2040-03-18 00:00:00','Địa chỉ 634','0159834856','user428@example.com','user944','dcfa2c9900c02ee17ca4c656e1a934e7','avatar342.jpg',_binary '\0','ROLE_ADMIN'),(35,'Người dùng 854','Nữ','2025-03-21 00:00:00','Địa chỉ 91','0822036376','user736@example.com','user273','e202a8bcd5af6b6a150cd3fbc2c23029','avatar972.jpg',_binary '\0','ROLE_ADMIN'),(36,'Người dùng 901','Nữ','2035-07-25 00:00:00','Địa chỉ 862','0409746234','user134@example.com','user638','6c12ba8833926a31b1b181ae45517575','avatar35.jpg',_binary '','ROLE_CUSTOMER'),(37,'Người dùng 297','Nam','2000-06-03 00:00:00','Địa chỉ 3','0193925460','user511@example.com','user244','b1ddcdc6ad962e404fd96409714d08d5','avatar713.jpg',_binary '\0','ROLE_CUSTOMER'),(38,'Người dùng 260','Nam','2048-11-13 00:00:00','Địa chỉ 400','0674405617','user988@example.com','user28','bf6f76bbde3be1c35208f2b291f42c3d','avatar793.jpg',_binary '\0','ROLE_DRIVER'),(44,'Người dùng 517','Nam','2020-01-07 00:00:00','Địa chỉ 68','0857595085','user3@example.com','user492','b6c198633b6955bb83fc901544145277','avatar777.jpg',_binary '','ROLE_CUSTOMER'),(45,'Người dùng 566','Nữ','2036-01-17 00:00:00','Địa chỉ 885','0501949314','user576@example.com','user541','edeecedbd27673f719356a3b6c105061','avatar270.jpg',_binary '\0','ROLE_CUSTOMER'),(46,'Người dùng 436','Nữ','2069-02-18 00:00:00','Địa chỉ 775','0914709772','user198@example.com','user277','2a484da845a859115b2f0bcc38066871','avatar125.jpg',_binary '\0','ROLE_DRIVER'),(47,'Người dùng 108','Nam','1989-08-17 00:00:00','Địa chỉ 868','0779548159','user168@example.com','user579','1a7698ecbb10ba5178d23d4c6f116f2b','avatar219.jpg',_binary '','ROLE_CUSTOMER'),(48,'Người dùng 159','Nam','2013-04-26 00:00:00','Địa chỉ 819','0818107319','user531@example.com','user261','54d05b39f093b3c38f48d9aa74a6f415','avatar788.jpg',_binary '','ROLE_EMPLOYEE'),(49,'Người dùng 871','Nam','2059-05-07 00:00:00','Địa chỉ 763','0221651732','user386@example.com','user527','e290cd9316e5ee8fcf2702f1cc5bf6b3','avatar797.jpg',_binary '','ROLE_CUSTOMER'),(50,'Người dùng 584','Nam','2013-02-06 00:00:00','Địa chỉ 644','0934906894','user705@example.com','user746','225b21803b74a756782520046e0716fa','avatar838.jpg',_binary '\0','ROLE_ADMIN'),(51,'Người dùng 17','Nữ','1992-10-31 00:00:00','Địa chỉ 772','0261215650','user577@example.com','user348','f1cfe28b2f5f532f322fe1cc45110057','avatar11.jpg',_binary '\0','ROLE_ADMIN'),(52,'Người dùng 353','Nam','2020-04-30 00:00:00','Địa chỉ 977','0441574604','user963@example.com','user681','2f7b0f500feaf9c5e053787ecd4dd668','avatar529.jpg',_binary '\0','ROLE_CUSTOMER'),(53,'Người dùng 945','Nam','2026-11-07 00:00:00','Địa chỉ 800','0365447942','user74@example.com','user487','cbacbfbabb7efaa16f8f73229551a330','avatar604.jpg',_binary '\0','ROLE_ADMIN'),(59,'Người dùng 364','Nam','2018-01-16 00:00:00','Địa chỉ 857','0860457399','user653@example.com','user730','e016eb0e9752bed025777af1a2be3912','avatar270.jpg',_binary '\0','ROLE_DRIVER'),(60,'Người dùng 485','Nam','1993-05-21 00:00:00','Địa chỉ 555','0170350320','user722@example.com','user380','4a0ba2b9c00fa8ca62cb3f24713ce6d2','avatar523.jpg',_binary '\0','ROLE_CUSTOMER'),(61,'Người dùng 286','Nữ','2040-11-02 00:00:00','Địa chỉ 601','0892104961','user597@example.com','user346','96ca41cececbde9467ed4a06116fa9e8','avatar666.jpg',_binary '','ROLE_CUSTOMER'),(62,'Người dùng 479','Nam','1985-03-11 00:00:00','Địa chỉ 604','0610674207','user23@example.com','user413','49a2720f72ede4b7db8bf67ffb474ba0','avatar755.jpg',_binary '','ROLE_DRIVER'),(63,'Người dùng 763','Nam','2021-03-12 00:00:00','Địa chỉ 278','0870999142','user447@example.com','user669','45a0edb93a00a5e489a4d77c244f3f35','avatar5.jpg',_binary '\0','ROLE_ADMIN'),(64,'Người dùng 387','Nam','1987-04-20 00:00:00','Địa chỉ 863','0816796973','user392@example.com','user575','c538805406822a142e32c79d92a35897','avatar766.jpg',_binary '','ROLE_DRIVER'),(65,'Người dùng 815','Nam','1982-06-11 00:00:00','Địa chỉ 879','0122581776','user486@example.com','user357','56c5def6c73e0652b24cb2ea8f3e81a1','avatar557.jpg',_binary '','ROLE_CUSTOMER'),(66,'Người dùng 179','Nam','1970-12-15 00:00:00','Địa chỉ 518','0605697586','user255@example.com','user589','3d12dc5b1a172ef525ec39bf67ef5544','avatar152.jpg',_binary '\0','ROLE_CUSTOMER'),(67,'Người dùng 766','Nam','1997-12-26 00:00:00','Địa chỉ 652','0479945914','user153@example.com','user502','cdd749387852f021943ea2fc6f3ab626','avatar748.jpg',_binary '','ROLE_DRIVER'),(68,'Người dùng 606','Nữ','2063-09-19 00:00:00','Địa chỉ 631','0411760515','user837@example.com','user147','28b14e9deff2537cf0a54a24dff6838d','avatar680.jpg',_binary '','ROLE_DRIVER'),(74,'Người dùng 550','Nữ','2051-09-28 00:00:00','Địa chỉ 606','0621095533','user76@example.com','user644','9bf749376e2708923e45b406cc73a666','avatar32.jpg',_binary '\0','ROLE_DRIVER'),(75,'Người dùng 516','Nam','1970-04-19 00:00:00','Địa chỉ 283','0466065999','user184@example.com','user701','caf0e495cd3edf8952ede142be37d027','avatar662.jpg',_binary '\0','ROLE_CUSTOMER'),(76,'Người dùng 420','Nam','2013-04-03 00:00:00','Địa chỉ 346','0492873036','user142@example.com','user401','797b46801a046adc2bcc9bea8c397ad8','avatar691.jpg',_binary '','ROLE_EMPLOYEE'),(77,'Người dùng 271','Nữ','2023-09-25 00:00:00','Địa chỉ 274','0785487430','user984@example.com','user635','615f272c4ef05c31a8795c02ff7658cf','avatar219.jpg',_binary '\0','ROLE_DRIVER'),(78,'Người dùng 26','Nữ','2028-08-05 00:00:00','Địa chỉ 930','0905192616','user681@example.com','user725','7685acb9b59cddc5190f159c2bf15b01','avatar724.jpg',_binary '','ROLE_ADMIN'),(79,'Người dùng 579','Nữ','1974-12-27 00:00:00','Địa chỉ 776','0760088971','user337@example.com','user486','0c22d254d1f1d15e984f501654609715','avatar640.jpg',_binary '','ROLE_CUSTOMER'),(80,'Người dùng 194','Nam','2030-03-29 00:00:00','Địa chỉ 101','0729348145','user192@example.com','user864','d4e35508e6611a680cd86fde4243fddf','avatar133.jpg',_binary '\0','ROLE_CUSTOMER'),(81,'Người dùng 200','Nam','2067-12-26 00:00:00','Địa chỉ 351','0834181101','user25@example.com','user680','818bf38ade298125673331fd5b7b62ec','avatar594.jpg',_binary '','ROLE_ADMIN'),(82,'Người dùng 894','Nam','1977-08-11 00:00:00','Địa chỉ 524','0453316959','user390@example.com','user774','65c34c24cac8c410f78e51fc1fa4d3e5','avatar173.jpg',_binary '','ROLE_CUSTOMER'),(83,'Người dùng 712','Nam','2026-10-09 00:00:00','Địa chỉ 215','0435595834','user218@example.com','user975','549e86482c78c4f94332838274651531','avatar177.jpg',_binary '\0','ROLE_CUSTOMER'),(89,'Người dùng 710','Nam','1985-02-21 00:00:00','Địa chỉ 786','0530327057','user31@example.com','user721','f271c75d6b90058564f44b385be18fec','avatar413.jpg',_binary '','ROLE_CUSTOMER'),(90,'Người dùng 184','Nữ','1993-01-15 00:00:00','Địa chỉ 681','0746590202','user546@example.com','user576','b62f7b77824880e5b87203d992da32f0','avatar490.jpg',_binary '','ROLE_ADMIN'),(91,'Người dùng 485','Nữ','2044-07-24 00:00:00','Địa chỉ 606','0816531136','user160@example.com','user416','0191ec1e71c2844fbb959c1d46c14644','avatar742.jpg',_binary '','ROLE_CUSTOMER'),(92,'Người dùng 323','Nữ','2053-05-20 00:00:00','Địa chỉ 85','0934515559','user378@example.com','user113','85df2392488fe7c6e1ac968f8c3d9e34','avatar806.jpg',_binary '','ROLE_CUSTOMER'),(93,'Người dùng 482','Nam','2014-05-16 00:00:00','Địa chỉ 484','0181099209','user997@example.com','user718','5317135ced54096343a084cf67b10023','avatar846.jpg',_binary '\0','ROLE_DRIVER'),(94,'Người dùng 214','Nam','2062-01-26 00:00:00','Địa chỉ 465','0607497165','user423@example.com','user427','810f5ad3d3e7695c0251373941865270','avatar50.jpg',_binary '','ROLE_ADMIN'),(95,'Người dùng 566','Nam','2060-12-15 00:00:00','Địa chỉ 981','0263010247','user959@example.com','user255','606df2274db4728691ccc530903bb56d','avatar222.jpg',_binary '','ROLE_DRIVER'),(96,'Người dùng 875','Nữ','2021-07-03 00:00:00','Địa chỉ 889','0912347164','user844@example.com','user514','9df41fb0cf8c00b5a04675ab30766855','avatar646.jpg',_binary '\0','ROLE_DRIVER'),(97,'Người dùng 883','Nam','2045-11-18 00:00:00','Địa chỉ 148','0520917621','user891@example.com','user56','f0a747b13f0465c3a70707f51f3acd37','avatar867.jpg',_binary '','ROLE_CUSTOMER'),(98,'Người dùng 571','Nam','1985-08-20 00:00:00','Địa chỉ 858','0843133511','user551@example.com','user281','3ba0506f48713d98e9a24f9b90379b22','avatar914.jpg',_binary '\0','ROLE_CUSTOMER'),(104,'Người dùng 690','Nam','2027-08-26 00:00:00','Địa chỉ 693','0766185075','user619@example.com','user875','724972d5730348b8ab8c4b127bb12e52','avatar972.jpg',_binary '\0','ROLE_CUSTOMER'),(105,'Người dùng 443','Nữ','1982-08-01 00:00:00','Địa chỉ 355','0459070748','user928@example.com','user447','a819ccf658627c85ac26dbd383374916','avatar919.jpg',_binary '\0','ROLE_CUSTOMER'),(106,'Người dùng 125','Nữ','2011-03-02 00:00:00','Địa chỉ 584','0719425318','user687@example.com','user371','1031c720264a703277498770e1c91d73','avatar872.jpg',_binary '','ROLE_ADMIN'),(107,'Người dùng 261','Nam','1994-01-03 00:00:00','Địa chỉ 384','0283967749','user867@example.com','user723','5787c9e498e9fa49ed9aa6d2cb46253a','avatar901.jpg',_binary '\0','ROLE_DRIVER'),(108,'Người dùng 612','Nữ','2027-09-09 00:00:00','Địa chỉ 436','0506195945','user947@example.com','user383','15ba9ac691a10108b7bc66b1f9f93a6f','avatar221.jpg',_binary '','ROLE_CUSTOMER'),(109,'Người dùng 512','Nữ','2055-12-21 00:00:00','Địa chỉ 60','0752010288','user440@example.com','user27','49a14e15001851ca89ae7a41b4a21f7e','avatar999.jpg',_binary '','ROLE_CUSTOMER'),(110,'Người dùng 65','Nữ','2028-12-24 00:00:00','Địa chỉ 476','0652893995','user641@example.com','user364','ae61f790f26b2c1942ed1a8e8240dcd9','avatar387.jpg',_binary '\0','ROLE_ADMIN'),(111,'Người dùng 703','Nữ','1981-08-20 00:00:00','Địa chỉ 844','0887820932','user842@example.com','user584','96430147eac02d67b323ba776b7ef55d','avatar228.jpg',_binary '','ROLE_ADMIN'),(112,'Người dùng 553','Nam','2062-11-17 00:00:00','Địa chỉ 90','0700381298','user63@example.com','user315','bde49a64f76a31abfe1861632324f495','avatar994.jpg',_binary '','ROLE_ADMIN'),(113,'Người dùng 878','Nữ','2011-06-03 00:00:00','Địa chỉ 440','0964797453','user482@example.com','user528','517e8777117616036e9a19e955a66e77','avatar402.jpg',_binary '\0','ROLE_CUSTOMER'),(141,'Người dùng 502','Nam','2008-10-02 00:00:00','Địa chỉ 0','0854324757','user190@example.com','user436','c3f7b4464b3d52ea7ae7cbab2b91dab0','avatar758.jpg',_binary '','ROLE_DRIVER'),(142,'Người dùng 574','Nữ','1981-10-04 00:00:00','Địa chỉ 83','0157146028','user67@example.com','user148','cad84f40b202291a168f311731a1f996','avatar246.jpg',_binary '','ROLE_DRIVER'),(143,'Người dùng 132','Nam','2031-12-30 00:00:00','Địa chỉ 288','0625373916','user52@example.com','user511','9f2bdae28bddf2fbec4834ed9b538ec9','avatar467.jpg',_binary '\0','ROLE_EMPLOYEE'),(144,'Người dùng 882','Nam','1988-11-15 00:00:00','Địa chỉ 242','0682607360','user508@example.com','user600','792e4b58ece69fb82d47d304885748a3','avatar592.jpg',_binary '','ROLE_DRIVER'),(145,'Người dùng 242','Nữ','2064-09-27 00:00:00','Địa chỉ 731','0835964107','user892@example.com','user10','a91e6052d7b175dc5cfdb29f7e130c23','avatar838.jpg',_binary '\0','ROLE_DRIVER'),(146,'Người dùng 278','Nam','2052-02-24 00:00:00','Địa chỉ 912','0188203320','user752@example.com','user468','b9c56ed7e95b49ac85a74a274719946e','avatar22.jpg',_binary '','ROLE_ADMIN'),(147,'Người dùng 517','Nam','1982-05-10 00:00:00','Địa chỉ 811','0717647013','user997@example.com','user927','49bce05183abbc3c64dc13e8a1f7da89','avatar443.jpg',_binary '\0','ROLE_ADMIN'),(148,'Người dùng 521','Nữ','2008-01-11 00:00:00','Địa chỉ 735','0580804963','user466@example.com','user727','3b92cbacedcd6050046f6d857f752ac6','avatar20.jpg',_binary '\0','ROLE_CUSTOMER'),(149,'Người dùng 820','Nam','1970-02-21 00:00:00','Địa chỉ 329','0680869326','user237@example.com','user250','d81c99caa7d450de9e5e5fcf9e246a08','avatar941.jpg',_binary '\0','ROLE_DRIVER'),(150,'Người dùng 559','Nam','2009-10-06 00:00:00','Địa chỉ 541','0564874245','user956@example.com','user235','67d602f6a98d0c28429c448a49f47220','avatar822.jpg',_binary '\0','ROLE_DRIVER'),(177,'Người dùng 582','Nam','2049-04-09 00:00:00','Địa chỉ 438','0834546892','user764@example.com','user372','c271a88fdb3487c9c532e763b040b742','avatar734.jpg',_binary '','ROLE_CUSTOMER'),(178,'Người dùng 953','Nữ','2033-09-04 00:00:00','Địa chỉ 285','0565291698','user728@example.com','user92','69606a7061d20c5fcbbc77eff0ce2daf','avatar96.jpg',_binary '','ROLE_ADMIN'),(179,'Người dùng 35','Nữ','2045-10-21 00:00:00','Địa chỉ 270','0171764627','user586@example.com','user692','42d0a14b801b5d3fe9013ae1c8b1abae','avatar442.jpg',_binary '\0','ROLE_ADMIN'),(180,'Người dùng 533','Nữ','1995-08-17 00:00:00','Địa chỉ 766','0158373839','user24@example.com','user926','adc626219204aca5af2e850e64d56b16','avatar10.jpg',_binary '\0','ROLE_CUSTOMER'),(181,'Người dùng 348','Nữ','2054-03-12 00:00:00','Địa chỉ 676','0870311137','user250@example.com','user684','ae2c5f828297bce1140f6efec7439d02','avatar305.jpg',_binary '','ROLE_DRIVER'),(182,'Người dùng 849','Nữ','1994-09-12 00:00:00','Địa chỉ 757','0141448044','user958@example.com','user652','35c1321b5cff7d2eda7a7154fdb1371e','avatar980.jpg',_binary '','ROLE_DRIVER'),(183,'Người dùng 249','Nữ','2027-10-10 00:00:00','Địa chỉ 492','0755713644','user165@example.com','user643','2e03ecdb902f49a6a9f3717a49f4e957','avatar666.jpg',_binary '\0','ROLE_EMPLOYEE'),(184,'Người dùng 137','Nữ','2038-08-17 00:00:00','Địa chỉ 172','0822613790','user497@example.com','user78','4eb55cca0ace42726ec0bc3e20c92f1a','avatar271.jpg',_binary '','ROLE_CUSTOMER'),(185,'Người dùng 238','Nữ','2012-06-19 00:00:00','Địa chỉ 438','0926465482','user276@example.com','user625','d3b5aa4af191ee19896be32f39fe6ce4','avatar623.jpg',_binary '\0','ROLE_ADMIN'),(186,'Người dùng 441','Nam','2013-05-31 00:00:00','Địa chỉ 514','0343897093','user810@example.com','user241','f08590cf6116ef1ce346b3f92f1f9616','avatar155.jpg',_binary '\0','ROLE_DRIVER'),(192,'Người dùng 578','Nữ','2014-08-16 00:00:00','Địa chỉ 521','0343808790','user788@example.com','user130','33a2a023792edc8fe5c878ad81cc91fa','avatar50.jpg',_binary '\0','ROLE_DRIVER'),(193,'Người dùng 573','Nam','1994-07-17 00:00:00','Địa chỉ 847','0549435606','user955@example.com','user279','14a4e36af8b2caa476e03ff5fcf8ac05','avatar814.jpg',_binary '\0','ROLE_CUSTOMER'),(194,'Người dùng 72','Nữ','2036-01-03 00:00:00','Địa chỉ 773','0899140763','user118@example.com','user930','89601159c4a1a890f0f8194a8e1b80a3','avatar681.jpg',_binary '','ROLE_CUSTOMER'),(195,'Người dùng 955','Nam','2060-05-28 00:00:00','Địa chỉ 257','0617889293','user104@example.com','user796','e6257b9e24639e06ee58ceb67e477d29','avatar961.jpg',_binary '','ROLE_ADMIN'),(196,'Người dùng 88','Nữ','2021-09-16 00:00:00','Địa chỉ 115','0125727022','user795@example.com','user889','7a5d602aad6561a92c11f7a1dc861722','avatar642.jpg',_binary '\0','ROLE_ADMIN'),(197,'Người dùng 908','Nam','1973-03-17 00:00:00','Địa chỉ 306','0492986878','user263@example.com','user7','1807a3f807050f0860f0b097124a1052','avatar218.jpg',_binary '\0','ROLE_ADMIN'),(198,'Người dùng 345','Nữ','2014-01-19 00:00:00','Địa chỉ 716','0337105092','user166@example.com','user41','49c2ab44b4e4c9c8c48f50eb0031c647','avatar408.jpg',_binary '','ROLE_CUSTOMER'),(199,'Người dùng 670','Nam','1996-06-08 00:00:00','Địa chỉ 755','0987581393','user663@example.com','user358','2f6d0bbf97c504a18cb57d763c0ee772','avatar940.jpg',_binary '\0','ROLE_CUSTOMER'),(200,'Người dùng 711','Nam','2044-10-26 00:00:00','Địa chỉ 11','0831891146','user31@example.com','user717','ff2099545ee2bfb7724f2c702e1e5deb','avatar312.jpg',_binary '\0','ROLE_CUSTOMER'),(201,'Người dùng 224','Nam','2069-04-26 00:00:00','Địa chỉ 765','0861705122','user936@example.com','user141','6ea5f01cb96e82d56b9616f8a58446b5','avatar78.jpg',_binary '','ROLE_ADMIN'),(210,'Người dùng 269','Nữ','2025-10-22 00:00:00','Địa chỉ 970','0259392712','user974@example.com','user342','b746602b7fbfccfd76f2e3e5b0e61ac3','avatar912.jpg',_binary '\0','ROLE_ADMIN'),(211,'Người dùng 652','Nam','2033-05-03 00:00:00','Địa chỉ 611','0241184585','user950@example.com','user280','c324a15f09cf7532927237464e81918d','avatar914.jpg',_binary '','ROLE_DRIVER'),(212,'Người dùng 885','Nữ','1970-09-01 00:00:00','Địa chỉ 635','0241153674','user878@example.com','user919','dcfe90798e36e953b00e288f0fbe6f94','avatar65.jpg',_binary '\0','ROLE_DRIVER'),(213,'Người dùng 817','Nữ','2063-06-30 00:00:00','Địa chỉ 442','0466868205','user710@example.com','user330','00ec9fe1f4f932cc2a3bb4171808ccf2','avatar613.jpg',_binary '','ROLE_DRIVER'),(214,'Người dùng 905','Nam','2063-11-19 00:00:00','Địa chỉ 900','0717693727','user729@example.com','user590','d789a27c897e6b8f55f0b5b147c32e35','avatar48.jpg',_binary '','ROLE_CUSTOMER'),(215,'Người dùng 184','Nữ','2068-12-26 00:00:00','Địa chỉ 24','0235925142','user682@example.com','user960','bb069341769d2cf842c28b92f16afa86','avatar898.jpg',_binary '\0','ROLE_CUSTOMER'),(216,'Người dùng 918','Nữ','2035-07-16 00:00:00','Địa chỉ 430','0269189860','user647@example.com','user673','e89898cfae6e7ce9df4763de0e71cec0','avatar102.jpg',_binary '\0','ROLE_EMPLOYEE'),(217,'Người dùng 55','Nam','2049-08-24 00:00:00','Địa chỉ 605','0673594310','user370@example.com','user941','349d3919cb1dacc990c540b22862f7b8','avatar143.jpg',_binary '','ROLE_CUSTOMER'),(218,'Người dùng 688','Nam','2041-06-08 00:00:00','Địa chỉ 704','0441488651','user783@example.com','user780','152c41eca3641293424fa60d5c9a5b2b','avatar407.jpg',_binary '\0','ROLE_CUSTOMER'),(219,'Người dùng 65','Nam','2043-08-11 00:00:00','Địa chỉ 721','0458025978','user825@example.com','user933','07416879d3601404b4878402e7e145c3','avatar155.jpg',_binary '\0','ROLE_CUSTOMER'),(240,'Người dùng 191','Nam','1999-11-05 00:00:00','Địa chỉ 568','0953248884','user34@example.com','user327','5370bc0f11157856ba1bfd7de392b60a','avatar682.jpg',_binary '','ROLE_ADMIN'),(241,'Người dùng 704','Nữ','1974-10-30 00:00:00','Địa chỉ 943','0616780194','user39@example.com','user475','7c41605d8e1504deecbe28365b3274d8','avatar864.jpg',_binary '','ROLE_ADMIN'),(242,'Người dùng 97','Nữ','2062-03-30 00:00:00','Địa chỉ 482','0680896710','user779@example.com','user961','1ba358219b8d773029783cb44a51f877','avatar461.jpg',_binary '','ROLE_ADMIN'),(243,'Người dùng 909','Nữ','1986-05-06 00:00:00','Địa chỉ 282','0928269920','user755@example.com','user14','424a0646017c6e88c863bc62fed65434','avatar997.jpg',_binary '','ROLE_CUSTOMER'),(244,'Người dùng 721','Nữ','1997-03-12 00:00:00','Địa chỉ 497','0705223657','user869@example.com','user329','9d44ee5f24149a115e040f6d44f387f0','avatar210.jpg',_binary '','ROLE_ADMIN'),(245,'Người dùng 338','Nam','1975-10-23 00:00:00','Địa chỉ 445','0147473705','user927@example.com','user479','83f2a2895134f4348db481912db35aad','avatar634.jpg',_binary '\0','ROLE_DRIVER'),(246,'Người dùng 954','Nữ','1972-02-23 00:00:00','Địa chỉ 576','0837979244','user369@example.com','user386','69bf050bd37099cc126479fe48b12478','avatar962.jpg',_binary '\0','ROLE_CUSTOMER'),(247,'Người dùng 656','Nữ','1991-04-27 00:00:00','Địa chỉ 356','0230058189','user652@example.com','user826','78d470352d19b2679c5f9a5ccb112737','avatar410.jpg',_binary '','ROLE_CUSTOMER'),(248,'Người dùng 189','Nữ','2003-01-23 00:00:00','Địa chỉ 114','0622081154','user557@example.com','user46','1977347d9045c4dcb414893beea1d52f','avatar655.jpg',_binary '','ROLE_ADMIN'),(249,'Người dùng 426','Nam','2037-11-13 00:00:00','Địa chỉ 418','0149641655','user21@example.com','user940','8cfcf3c401f5400f3a365cbacc2cbcb1','avatar364.jpg',_binary '','ROLE_DRIVER'),(285,'Người dùng 486','Nam','2019-04-19 00:00:00','Địa chỉ 493','0988292143','user455@example.com','user316','0450402fa4b806ac19acda185ba216ec','avatar123.jpg',_binary '','ROLE_DRIVER'),(286,'Người dùng 631','Nữ','1978-09-12 00:00:00','Địa chỉ 245','0969322854','user93@example.com','user569','c1ed86ea1d78a34175bc687ec0367069','avatar128.jpg',_binary '','ROLE_DRIVER'),(287,'Người dùng 331','Nam','2047-09-01 00:00:00','Địa chỉ 220','0793844359','user194@example.com','user657','7339a328296411e6422cf8c4eb5ee33b','avatar560.jpg',_binary '','ROLE_EMPLOYEE'),(288,'Người dùng 163','Nữ','2046-03-26 00:00:00','Địa chỉ 459','0107614612','user665@example.com','user299','955ae19a46da2000bf8203e9fb5366fb','avatar620.jpg',_binary '','ROLE_ADMIN'),(289,'Người dùng 682','Nữ','2034-08-20 00:00:00','Địa chỉ 816','0227213229','user258@example.com','user868','b451d045b65a96dc4c67c6660231a73d','avatar231.jpg',_binary '\0','ROLE_EMPLOYEE'),(290,'Người dùng 870','Nam','2051-07-13 00:00:00','Địa chỉ 20','0693211557','user232@example.com','user185','1bbd388095dca9399fb2631175618099','avatar599.jpg',_binary '\0','ROLE_DRIVER'),(291,'Người dùng 575','Nam','1980-12-27 00:00:00','Địa chỉ 847','0918950591','user5@example.com','user300','69a4d1fa3164563dbd3c5041bfeb4e06','avatar510.jpg',_binary '\0','ROLE_ADMIN'),(292,'Người dùng 699','Nữ','2002-10-03 00:00:00','Địa chỉ 181','0933733382','user86@example.com','user653','a65cdb38aae6ad94c5268f56a8bad9f4','avatar73.jpg',_binary '\0','ROLE_DRIVER'),(293,'Người dùng 616','Nam','1980-07-26 00:00:00','Địa chỉ 555','0512898840','user628@example.com','user765','2076a93d2910c3069021ff60538f418d','avatar421.jpg',_binary '\0','ROLE_ADMIN'),(294,'Người dùng 723','Nữ','1996-09-03 00:00:00','Địa chỉ 472','0604672546','user387@example.com','user253','0825dee1b5a856323ab9b02237ffbb12','avatar770.jpg',_binary '','ROLE_CUSTOMER'),(309,'Người dùng 150','Nữ','2051-05-22 00:00:00','Địa chỉ 909','0196815404','user808@example.com','user719','2f53f75f79508ae88bf79759f93e35be','avatar696.jpg',_binary '','ROLE_DRIVER'),(310,'Người dùng 94','Nữ','2052-12-04 00:00:00','Địa chỉ 78','0914269589','user288@example.com','user726','fe3d9fd14dfec75f315fc0a369f1f8ac','avatar665.jpg',_binary '\0','ROLE_ADMIN'),(311,'Người dùng 486','Nữ','1975-04-19 00:00:00','Địa chỉ 957','0663525335','user259@example.com','user419','0d55b6d5bfb44e37ccedcd9a4503153e','avatar344.jpg',_binary '','ROLE_DRIVER'),(312,'Người dùng 6','Nữ','2017-07-13 00:00:00','Địa chỉ 78','0971643923','user605@example.com','user123','30dfc24da87ee2061abbdd3f29c1f82e','avatar631.jpg',_binary '','ROLE_CUSTOMER'),(313,'Người dùng 237','Nam','2019-08-14 00:00:00','Địa chỉ 555','0360615342','user781@example.com','user36','018213e7ace1b367b2f213dc689cb774','avatar86.jpg',_binary '','ROLE_DRIVER'),(314,'Người dùng 513','Nam','2000-04-30 00:00:00','Địa chỉ 609','0224447473','user862@example.com','user897','bcf8e15005c8fcbdde3e6f82dd4753fc','avatar809.jpg',_binary '\0','ROLE_CUSTOMER'),(315,'Người dùng 489','Nữ','2026-09-03 00:00:00','Địa chỉ 812','0425062046','user369@example.com','user761','26cb749da8595e9e5aee9f6ce5c4c749','avatar225.jpg',_binary '\0','ROLE_CUSTOMER'),(316,'Người dùng 234','Nam','2023-09-14 00:00:00','Địa chỉ 140','0184328756','user45@example.com','user947','b3abbcc1b35fa4a2bcefb3afa2196868','avatar153.jpg',_binary '','ROLE_CUSTOMER'),(317,'Người dùng 123','Nữ','2048-10-12 00:00:00','Địa chỉ 644','0872417661','user358@example.com','user216','8b94876a2061b54a3eefff219b625dd0','avatar386.jpg',_binary '','ROLE_CUSTOMER'),(318,'Người dùng 955','Nữ','2033-10-28 00:00:00','Địa chỉ 887','0572619121','user961@example.com','user233','be5c3c84a878899622bd70513ebb6947','avatar707.jpg',_binary '','ROLE_DRIVER'),(331,'Người dùng 223','Nam','2032-07-03 00:00:00','Địa chỉ 147','0876793110','user872@example.com','user773','d47cab737488b9eed705e1cc82655457','avatar931.jpg',_binary '','ROLE_DRIVER'),(332,'Người dùng 730','Nữ','2010-07-31 00:00:00','Địa chỉ 671','0224804706','user679@example.com','user982','f317b879a40a1e18c6d98754944254bd','avatar422.jpg',_binary '\0','ROLE_ADMIN'),(333,'Người dùng 413','Nam','2015-11-04 00:00:00','Địa chỉ 673','0990780565','user929@example.com','user679','8b12b737c1aaf0b62042df9e67c654dd','avatar3.jpg',_binary '\0','ROLE_CUSTOMER'),(334,'Người dùng 186','Nữ','2062-01-06 00:00:00','Địa chỉ 712','0820222452','user864@example.com','user923','86a34aba549391b7d688c7c19227563e','avatar342.jpg',_binary '','ROLE_ADMIN'),(335,'Người dùng 55','Nam','1994-06-09 00:00:00','Địa chỉ 175','0230620886','user198@example.com','user558','bb3d0ba86e0baf034be9e8da1e67ce01','avatar300.jpg',_binary '','ROLE_DRIVER'),(336,'Người dùng 830','Nữ','2027-01-17 00:00:00','Địa chỉ 815','0430486379','user388@example.com','user842','4aa6908bb06088b83e484d60167e1535','avatar710.jpg',_binary '\0','ROLE_CUSTOMER'),(337,'Người dùng 42','Nữ','2024-11-06 00:00:00','Địa chỉ 336','0134190151','user179@example.com','user785','25ea63cae229f211506b93642ff521c6','avatar580.jpg',_binary '','ROLE_DRIVER'),(338,'Người dùng 317','Nam','2052-10-10 00:00:00','Địa chỉ 470','0884520659','user945@example.com','user112','436449943f36b5a3fa0254ea4d01f664','avatar289.jpg',_binary '\0','ROLE_EMPLOYEE'),(339,'Người dùng 961','Nữ','2008-05-07 00:00:00','Địa chỉ 556','0670930730','user500@example.com','user601','a66f70c39db184e4dbc94c28d2e18c0c','avatar722.jpg',_binary '\0','ROLE_CUSTOMER'),(340,'Người dùng 566','Nam','2057-10-22 00:00:00','Địa chỉ 644','0630142260','user11@example.com','user289','b015becbc1d3ca2e381c79e8fd650e53','avatar195.jpg',_binary '','ROLE_ADMIN'),(385,'Người dùng 636','Nam','2019-04-02 00:00:00','Địa chỉ 822','0669743549','user698@example.com','user595','b9a20f667eb19743e0d7a879ef8aa778','avatar617.jpg',_binary '\0','ROLE_DRIVER'),(386,'Người dùng 192','Nữ','2053-01-12 00:00:00','Địa chỉ 306','0137141214','user286@example.com','user311','27fcd53b4d94eaa238e9903a414d1309','avatar538.jpg',_binary '','ROLE_CUSTOMER'),(387,'Người dùng 533','Nam','1986-07-03 00:00:00','Địa chỉ 165','0400468679','user171@example.com','user858','41b77eff29a8c102899eafb3020df59a','avatar297.jpg',_binary '\0','ROLE_CUSTOMER'),(388,'Người dùng 154','Nữ','2019-03-27 00:00:00','Địa chỉ 887','0965050295','user142@example.com','user831','d2d2ea050329985d8e26b1335beb273e','avatar141.jpg',_binary '','ROLE_ADMIN'),(389,'Người dùng 483','Nam','2013-11-27 00:00:00','Địa chỉ 861','0990342233','user362@example.com','user844','d3cadaf5ef443d85cd07a429dbf2248f','avatar146.jpg',_binary '\0','ROLE_ADMIN'),(390,'Người dùng 909','Nữ','2007-07-13 00:00:00','Địa chỉ 814','0950532533','user282@example.com','user577','67d57291feea1524d43aaa8632c3b316','avatar475.jpg',_binary '\0','ROLE_CUSTOMER'),(391,'Người dùng 687','Nữ','2018-11-26 00:00:00','Địa chỉ 114','0197062804','user194@example.com','user647','b38b1d3030dfb38196535cbfaf664d81','avatar341.jpg',_binary '','ROLE_CUSTOMER'),(392,'Người dùng 285','Nữ','2027-06-12 00:00:00','Địa chỉ 13','0408990698','user676@example.com','user353','23b5e36396c4a932babf0cef9ce095c5','avatar622.jpg',_binary '','ROLE_CUSTOMER'),(393,'Người dùng 576','Nữ','1988-06-22 00:00:00','Địa chỉ 775','0389964926','user285@example.com','user458','1fbad77e81a27ccfb1ad7f5757820c46','avatar818.jpg',_binary '','ROLE_DRIVER'),(394,'Người dùng 892','Nam','2060-05-29 00:00:00','Địa chỉ 972','0234296733','user829@example.com','user698','df5440905ea79f1ffbda4876e3d160ba','avatar928.jpg',_binary '','ROLE_DRIVER'),(429,'Người dùng 790','Nam','2013-09-17 00:00:00','Địa chỉ 301','0274920989','user68@example.com','user758','8942a1b0ef3c3b079daf5f4c51537cb1','avatar669.jpg',_binary '','ROLE_DRIVER'),(430,'Người dùng 796','Nam','2018-10-06 00:00:00','Địa chỉ 511','0187221536','user948@example.com','user452','da794817347ba9d2d9035160c7507339','avatar731.jpg',_binary '\0','ROLE_DRIVER'),(431,'Người dùng 496','Nữ','2001-05-11 00:00:00','Địa chỉ 486','0543752942','user5@example.com','user545','a5d5d2eaa853dff51fde204d724596af','avatar934.jpg',_binary '','ROLE_EMPLOYEE'),(432,'Người dùng 831','Nam','2052-04-06 00:00:00','Địa chỉ 522','0232272740','user165@example.com','user388','bad8233c6e63d8df9704ae8b182fb27a','avatar64.jpg',_binary '','ROLE_DRIVER'),(433,'Người dùng 690','Nữ','1987-09-07 00:00:00','Địa chỉ 735','0232669189','user530@example.com','user209','9a9cabe680921374580ffca324f4715d','avatar650.jpg',_binary '','ROLE_DRIVER'),(434,'Người dùng 150','Nam','2034-08-07 00:00:00','Địa chỉ 372','0930286999','user496@example.com','user714','681ba22e2d9174de07486eeffd52b52c','avatar269.jpg',_binary '\0','ROLE_CUSTOMER'),(435,'Người dùng 713','Nữ','2002-12-16 00:00:00','Địa chỉ 366','0857779524','user111@example.com','user31','cae108bab0ed650cddfcbeb9051c014d','avatar18.jpg',_binary '','ROLE_ADMIN'),(436,'Người dùng 479','Nữ','2017-07-22 00:00:00','Địa chỉ 829','0750822542','user125@example.com','user459','9dadda5c68bc29a0aaca0e8020a273ae','avatar224.jpg',_binary '\0','ROLE_ADMIN'),(437,'Người dùng 536','Nữ','2066-04-20 00:00:00','Địa chỉ 871','0521392430','user726@example.com','user228','ecb76adf6de45c8fb7616ba0529b3ec6','avatar136.jpg',_binary '','ROLE_CUSTOMER'),(438,'Người dùng 31','Nữ','2043-01-02 00:00:00','Địa chỉ 156','0631263817','user483@example.com','user645','ba374672d169f607a65d4affef71475e','avatar948.jpg',_binary '\0','ROLE_ADMIN'),(454,'Người dùng 121','Nam','2048-11-26 00:00:00','Địa chỉ 452','0906358180','user121@example.com','user921','30fdae04894c02cb890d9d4560590385','avatar450.jpg',_binary '','ROLE_EMPLOYEE'),(455,'Người dùng 144','Nữ','1989-08-06 00:00:00','Địa chỉ 601','0477489055','user292@example.com','user205','3fb7e338940c4921e589f7e8b349b94d','avatar129.jpg',_binary '\0','ROLE_CUSTOMER'),(456,'Người dùng 478','Nữ','2028-06-17 00:00:00','Địa chỉ 910','0817043452','user253@example.com','user876','405b96bfe1be2174519da5cca75825c9','avatar474.jpg',_binary '','ROLE_ADMIN'),(457,'Người dùng 151','Nữ','1996-02-20 00:00:00','Địa chỉ 277','0644606077','user192@example.com','user144','9212e58cde7e121b9d75e769f0915546','avatar305.jpg',_binary '\0','ROLE_CUSTOMER'),(458,'Người dùng 645','Nam','2050-11-04 00:00:00','Địa chỉ 395','0598525133','user582@example.com','user248','bbc8eca6951605be82db2beb4b1a411d','avatar740.jpg',_binary '\0','ROLE_DRIVER'),(459,'Người dùng 814','Nam','2058-10-13 00:00:00','Địa chỉ 839','0580778258','user152@example.com','user159','8a88ac1e08ed3f5e147404022ce5dd4e','avatar218.jpg',_binary '\0','ROLE_CUSTOMER'),(460,'Người dùng 774','Nam','1990-08-24 00:00:00','Địa chỉ 914','0956252082','user14@example.com','user218','2cb78436e775c66d49f90fc33dd0f5dc','avatar588.jpg',_binary '','ROLE_ADMIN'),(461,'Người dùng 649','Nam','1989-01-07 00:00:00','Địa chỉ 68','0792906208','user645@example.com','user916','f77eaa3b351935cdcf087b3d6b9a9862','avatar480.jpg',_binary '\0','ROLE_CUSTOMER'),(462,'Người dùng 404','Nam','2045-06-15 00:00:00','Địa chỉ 792','0729488424','user119@example.com','user498','2a285640e8c0479fb06d5249d65f0ec5','avatar172.jpg',_binary '\0','ROLE_DRIVER'),(463,'Người dùng 507','Nữ','2030-03-21 00:00:00','Địa chỉ 335','0882901393','user343@example.com','user108','060fa018e4be370f8d81e89f9caa6583','avatar229.jpg',_binary '','ROLE_CUSTOMER'),(523,'Người dùng 923','Nữ','2020-02-27 00:00:00','Địa chỉ 344','0296584986','user58@example.com','user636','9c0a5cfba275d0945065f31387f9815d','avatar121.jpg',_binary '','ROLE_CUSTOMER'),(524,'Người dùng 830','Nam','2030-09-01 00:00:00','Địa chỉ 574','0146920589','user537@example.com','user530','46f587dc0e126a2e33481813087df34d','avatar612.jpg',_binary '','ROLE_CUSTOMER'),(525,'Người dùng 803','Nam','2023-06-14 00:00:00','Địa chỉ 905','0933169584','user911@example.com','user778','3b51bde4c6d5bdb637ae36abdd5cca4a','avatar464.jpg',_binary '','ROLE_DRIVER'),(526,'Người dùng 491','Nữ','1979-04-02 00:00:00','Địa chỉ 121','0399054854','user295@example.com','user480','db4bacbb3ab315f4f4bbec44e51353a3','avatar146.jpg',_binary '\0','ROLE_DRIVER'),(527,'Người dùng 734','Nữ','2033-10-08 00:00:00','Địa chỉ 684','0557127100','user487@example.com','user911','a559f4c3507f676dcddc8dd1eca6d018','avatar744.jpg',_binary '\0','ROLE_CUSTOMER'),(528,'Người dùng 307','Nữ','2000-12-06 00:00:00','Địa chỉ 807','0199521488','user129@example.com','user317','0fb989f8ae531bcc9e784b32553184ed','avatar30.jpg',_binary '','ROLE_DRIVER'),(529,'Người dùng 60','Nữ','1974-09-29 00:00:00','Địa chỉ 499','0419039485','user274@example.com','user308','a004d81323e6d2441b7345f575f98f37','avatar670.jpg',_binary '\0','ROLE_CUSTOMER'),(530,'Người dùng 197','Nữ','1980-11-02 00:00:00','Địa chỉ 522','0357137256','user862@example.com','user453','ae614ff7b4d2de0dcff5ffb7b8ca3ad1','avatar38.jpg',_binary '\0','ROLE_DRIVER'),(531,'Người dùng 460','Nam','1993-02-20 00:00:00','Địa chỉ 989','0329233247','user304@example.com','user756','af1ea96612478cf53be1414843f13325','avatar89.jpg',_binary '','ROLE_DRIVER'),(532,'Người dùng 546','Nữ','2054-06-07 00:00:00','Địa chỉ 731','0210500604','user420@example.com','user734','0e3b8ca844b180a77f00992663ef0525','avatar841.jpg',_binary '','ROLE_DRIVER'),(629,'Người dùng 827','Nữ','2052-11-13 00:00:00','Địa chỉ 356','0368219970','user419@example.com','user204','a641a787794b47685792b919574a9be1','avatar201.jpg',_binary '','ROLE_DRIVER'),(630,'Người dùng 937','Nữ','2020-12-15 00:00:00','Địa chỉ 154','0319733015','user757@example.com','user52','a7b6b85891b0f7f6c3707ab543ee397d','avatar806.jpg',_binary '\0','ROLE_CUSTOMER'),(631,'Người dùng 792','Nam','2015-07-23 00:00:00','Địa chỉ 977','0570904601','user682@example.com','user841','d2db0c63afa545d9be4ba73f8ee47497','avatar272.jpg',_binary '','ROLE_CUSTOMER'),(632,'Người dùng 133','Nữ','1975-08-18 00:00:00','Địa chỉ 806','0877247388','user898@example.com','user902','fd6af09fc641941f92ea96b6bc369785','avatar367.jpg',_binary '\0','ROLE_CUSTOMER'),(633,'Người dùng 953','Nữ','2010-09-25 00:00:00','Địa chỉ 676','0245746362','user779@example.com','user410','1122920c778721ba1c089f4a40c5799f','avatar348.jpg',_binary '','ROLE_DRIVER'),(634,'Người dùng 116','Nam','2011-02-22 00:00:00','Địa chỉ 200','0790735829','user236@example.com','user879','a8c18be2ae8d881a3b9c1d9a86c6a11d','avatar801.jpg',_binary '','ROLE_DRIVER'),(635,'Người dùng 941','Nam','2022-06-11 00:00:00','Địa chỉ 13','0544655106','user429@example.com','user667','953accf53ee60579918aae12c428d62c','avatar235.jpg',_binary '\0','ROLE_CUSTOMER'),(636,'Người dùng 677','Nam','2039-10-27 00:00:00','Địa chỉ 253','0255137945','user101@example.com','user991','80bbf81f4b1a58d67061cee2e6bc4a0f','avatar283.jpg',_binary '\0','ROLE_DRIVER'),(637,'Người dùng 713','Nam','1978-02-28 00:00:00','Địa chỉ 475','0217332172','user226@example.com','user742','8ed6985a76aee0342607ae5621f0b36b','avatar938.jpg',_binary '','ROLE_ADMIN'),(638,'Người dùng 931','Nữ','2007-11-23 00:00:00','Địa chỉ 190','0834556159','user509@example.com','user96','1f06aae8a5f680d83117ef4fe057ad52','avatar494.jpg',_binary '','ROLE_DRIVER'),(675,'Người dùng 852','Nữ','2021-09-28 00:00:00','Địa chỉ 942','0245954621','user982@example.com','user424','4c20f4e9cbe9f79efc14a62a7f26d601','avatar605.jpg',_binary '','ROLE_DRIVER'),(676,'Người dùng 514','Nam','1993-01-03 00:00:00','Địa chỉ 486','0769079089','user256@example.com','user54','d4646e8f64e879305bbd3a4df8823aae','avatar341.jpg',_binary '\0','ROLE_CUSTOMER'),(677,'Người dùng 878','Nữ','2041-11-21 00:00:00','Địa chỉ 781','0775171701','user406@example.com','user783','47ad25d90c5744787352b2c44cce4c23','avatar138.jpg',_binary '','ROLE_CUSTOMER'),(678,'Người dùng 825','Nam','2014-01-26 00:00:00','Địa chỉ 852','0948435011','user154@example.com','user945','ed480755d3c3ad071e6070c66da56a1d','avatar474.jpg',_binary '','ROLE_DRIVER'),(679,'Người dùng 289','Nữ','2030-11-18 00:00:00','Địa chỉ 557','0963384662','user125@example.com','user747','6b7df47cfa4fda66a5d04afe42ef6864','avatar576.jpg',_binary '','ROLE_ADMIN'),(680,'Người dùng 710','Nam','2010-03-07 00:00:00','Địa chỉ 288','0315406512','user329@example.com','user931','281c26ab7402b686a0b795c7dfe5bfef','avatar538.jpg',_binary '','ROLE_CUSTOMER'),(681,'Người dùng 459','Nam','1970-01-26 00:00:00','Địa chỉ 976','0891823935','user469@example.com','user709','127637f32b514da34f5db5c75dc2d234','avatar571.jpg',_binary '\0','ROLE_CUSTOMER'),(682,'Người dùng 796','Nam','2059-11-15 00:00:00','Địa chỉ 920','0916389327','user773@example.com','user146','3a299910624dd156527b9aee3890c8d2','avatar616.jpg',_binary '','ROLE_CUSTOMER'),(683,'Người dùng 69','Nam','2041-12-01 00:00:00','Địa chỉ 638','0131215039','user258@example.com','user186','6ea08e75f4301bd7da207ddaa022986c','avatar230.jpg',_binary '','ROLE_CUSTOMER'),(684,'Người dùng 357','Nữ','2013-07-10 00:00:00','Địa chỉ 270','0143464188','user429@example.com','user0','d9f07878ed975c0664b93ed4ebe23814','avatar578.jpg',_binary '','ROLE_DRIVER'),(741,'Người dùng 928','Nữ','2019-01-08 00:00:00','Địa chỉ 85','0961496750','user529@example.com','user775','4c147033e37c6b1aa9a70fbeab4ccc78','avatar118.jpg',_binary '','ROLE_CUSTOMER'),(742,'Người dùng 145','Nữ','1999-03-05 00:00:00','Địa chỉ 22','0311703993','user109@example.com','user843','91e8b7f883352bc324b2a7e7ea5351b9','avatar912.jpg',_binary '','ROLE_CUSTOMER'),(743,'Người dùng 939','Nam','1984-04-22 00:00:00','Địa chỉ 938','0338133745','user506@example.com','user739','1c02cae58257c3bbe47edd922a5469a1','avatar672.jpg',_binary '','ROLE_ADMIN'),(744,'Người dùng 119','Nữ','2052-04-08 00:00:00','Địa chỉ 404','0599568119','user561@example.com','user142','7ff612fb158065900028c5b58cbea2ec','avatar709.jpg',_binary '\0','ROLE_ADMIN'),(745,'Người dùng 579','Nữ','2053-11-30 00:00:00','Địa chỉ 248','0751347535','user873@example.com','user198','0c890e1c5caa7d76d5a63639784f4ebd','avatar257.jpg',_binary '\0','ROLE_ADMIN'),(746,'Người dùng 4','Nam','2020-12-21 00:00:00','Địa chỉ 434','0677121705','user903@example.com','user596','f1fba128544cae7fe581389b8f870510','avatar555.jpg',_binary '','ROLE_ADMIN'),(747,'Người dùng 56','Nam','2002-02-27 00:00:00','Địa chỉ 513','0641327130','user467@example.com','user533','373536b8575d14e7f7c7d7794d531c40','avatar729.jpg',_binary '','ROLE_ADMIN'),(748,'Người dùng 731','Nữ','1995-09-07 00:00:00','Địa chỉ 813','0367558085','user45@example.com','user337','03ed8b5db794f16c6fdbd4f397952b99','avatar728.jpg',_binary '','ROLE_CUSTOMER'),(749,'Người dùng 847','Nữ','2050-01-05 00:00:00','Địa chỉ 795','0619696714','user500@example.com','user770','a44bae89726a3ad613d4014685a4afd1','avatar436.jpg',_binary '\0','ROLE_CUSTOMER'),(750,'Người dùng 107','Nữ','2041-06-21 00:00:00','Địa chỉ 950','0647491026','user190@example.com','user125','77e06573b20b00496f1912f2a100fa97','avatar916.jpg',_binary '\0','ROLE_CUSTOMER'),(772,'Người dùng 256','Nam','2004-03-06 00:00:00','Địa chỉ 841','0263970033','user386@example.com','user385','d2e3116e510709fe31547c6fc5e2e1b2','avatar685.jpg',_binary '\0','ROLE_CUSTOMER'),(773,'Người dùng 427','Nam','1979-04-27 00:00:00','Địa chỉ 841','0934437293','user111@example.com','user777','5357a3675aa2cda25bbe847f66ea8367','avatar425.jpg',_binary '\0','ROLE_ADMIN'),(774,'Người dùng 989','Nam','2025-02-04 00:00:00','Địa chỉ 643','0610400748','user903@example.com','user816','b214e149308070639056d094268c7b30','avatar409.jpg',_binary '','ROLE_CUSTOMER'),(775,'Người dùng 416','Nữ','1978-05-31 00:00:00','Địa chỉ 219','0861648201','user572@example.com','user322','fe90d89ed5e2ea88cfe4356c4156f1ca','avatar505.jpg',_binary '','ROLE_DRIVER'),(776,'Người dùng 605','Nam','2059-08-26 00:00:00','Địa chỉ 654','0622658100','user941@example.com','user965','5354ea7f4203d947c65666f7ae096270','avatar114.jpg',_binary '','ROLE_DRIVER'),(777,'Người dùng 691','Nam','2031-08-08 00:00:00','Địa chỉ 265','0530113170','user593@example.com','user536','e02717d371ad23b97eb8e2c22adaf49a','avatar886.jpg',_binary '','ROLE_ADMIN'),(778,'Người dùng 906','Nữ','2028-07-27 00:00:00','Địa chỉ 546','0975685161','user226@example.com','user215','2733ddda989cf987b6a77d0d1bbf16c7','avatar337.jpg',_binary '\0','ROLE_DRIVER'),(779,'Người dùng 483','Nữ','1985-10-11 00:00:00','Địa chỉ 823','0677954508','user741@example.com','user781','42c718a7e7f935fd1d5d8b6ab9244887','avatar65.jpg',_binary '\0','ROLE_ADMIN'),(780,'Người dùng 235','Nam','2063-09-06 00:00:00','Địa chỉ 97','0708240715','user87@example.com','user409','4e0ffd75444cb1fc6d7ec1a7bb30613c','avatar699.jpg',_binary '\0','ROLE_DRIVER'),(781,'Người dùng 145','Nữ','2005-06-19 00:00:00','Địa chỉ 298','0487844457','user257@example.com','user996','10519f7dc288706f4c124d00cb0a31ad','avatar46.jpg',_binary '','ROLE_DRIVER'),(854,'Người dùng 867','Nam','2053-07-07 00:00:00','Địa chỉ 113','0157069738','user975@example.com','user688','0226f5427464af51e8aaaa3fc873f150','avatar513.jpg',_binary '\0','ROLE_EMPLOYEE'),(855,'Người dùng 84','Nam','2003-10-01 00:00:00','Địa chỉ 932','0683853284','user446@example.com','user288','60d4486f88f1b4757353282a6baf29d5','avatar642.jpg',_binary '','ROLE_CUSTOMER'),(856,'Người dùng 753','Nam','2054-05-26 00:00:00','Địa chỉ 758','0332823074','user19@example.com','user319','d87d931b75e6f7ae10e986585412c991','avatar737.jpg',_binary '\0','ROLE_ADMIN'),(857,'Người dùng 490','Nữ','2037-12-07 00:00:00','Địa chỉ 306','0545269858','user554@example.com','user286','1479612357ef997bd6ea3940b98bdcd3','avatar986.jpg',_binary '','ROLE_ADMIN'),(858,'Người dùng 943','Nữ','2000-06-08 00:00:00','Địa chỉ 841','0362889945','user937@example.com','user810','aca05ffcfd8c2b50ffb152a9bacdd8ab','avatar775.jpg',_binary '\0','ROLE_DRIVER'),(859,'Người dùng 859','Nữ','2027-11-08 00:00:00','Địa chỉ 798','0332715949','user896@example.com','user706','ab0206789f8b6ee33bf941872f09e108','avatar90.jpg',_binary '','ROLE_CUSTOMER'),(860,'Người dùng 224','Nam','2062-03-01 00:00:00','Địa chỉ 851','0544974748','user916@example.com','user99','84232209e998256d7aa1c818862d4198','avatar435.jpg',_binary '','ROLE_CUSTOMER'),(861,'Người dùng 301','Nữ','2001-06-07 00:00:00','Địa chỉ 839','0330001434','user758@example.com','user26','0891802e5299a912cb69b545dd07e825','avatar208.jpg',_binary '\0','ROLE_CUSTOMER'),(862,'Người dùng 846','Nam','2028-03-18 00:00:00','Địa chỉ 37','0497554049','user95@example.com','user153','e085f2888295a0e51deaf812125939de','avatar948.jpg',_binary '\0','ROLE_CUSTOMER'),(863,'Người dùng 587','Nữ','2012-01-29 00:00:00','Địa chỉ 993','0735762737','user550@example.com','user634','ac5fed48f535f098273a9bb80b899c89','avatar701.jpg',_binary '','ROLE_CUSTOMER'),(994,'Người dùng 133','Nữ','1988-06-27 00:00:00','Địa chỉ 973','0381383549','user642@example.com','user276','56f2e89632f562a1a8acc4a1d559f044','avatar438.jpg',_binary '','ROLE_DRIVER'),(995,'Người dùng 199','Nam','2001-05-05 00:00:00','Địa chỉ 219','0240966775','user125@example.com','user155','897727182a1502ae4d7184aebde14d54','avatar541.jpg',_binary '','ROLE_DRIVER'),(996,'Người dùng 0','Nữ','1991-12-01 00:00:00','Địa chỉ 763','0246198939','user520@example.com','user114','3c09d4128355dece66666f70774f3ddf','avatar706.jpg',_binary '','ROLE_DRIVER'),(997,'Người dùng 65','Nữ','2040-02-04 00:00:00','Địa chỉ 365','0751479426','user523@example.com','user445','254863d6089c4931923f014fa120a5e7','avatar942.jpg',_binary '','ROLE_CUSTOMER'),(998,'Người dùng 642','Nữ','1979-07-22 00:00:00','Địa chỉ 263','0129372118','user371@example.com','user760','e7f0fd3684fbbeea147b8b9e6449a201','avatar152.jpg',_binary '','ROLE_ADMIN'),(999,'Người dùng 142','Nam','2009-12-30 00:00:00','Địa chỉ 303','0383951338','user668@example.com','user394','6bfcfa4e092733fae787dd4462fb4677','avatar661.jpg',_binary '\0','ROLE_ADMIN'),(1000,'Người dùng 878','Nữ','1979-12-13 00:00:00','Địa chỉ 455','0981410134','user530@example.com','user712','807052dedcc3a95b68aa0e55401cc4fe','avatar719.jpg',_binary '','ROLE_CUSTOMER'),(1001,'Người dùng 473','Nam','2035-01-15 00:00:00','Địa chỉ 409','0187016442','user254@example.com','user983','0554c68e83388d41a1a5a328690ae1c7','avatar816.jpg',_binary '','ROLE_CUSTOMER'),(1002,'Người dùng 360','Nữ','2053-09-09 00:00:00','Địa chỉ 32','0686644397','user161@example.com','user852','b2619893c493bf390060615520a2a214','avatar336.jpg',_binary '\0','ROLE_DRIVER'),(1003,'Người dùng 413','Nữ','2057-11-21 00:00:00','Địa chỉ 722','0976439827','user702@example.com','user592','67629422b7799b1ccc90775bce8909aa','avatar496.jpg',_binary '','ROLE_ADMIN'),(1048,'Lua','Nu','2023-10-19 00:00:00','','','','Lua','$2a$10$Mcr4sk1VIWbRWwRMCmNUMe9ZUCLUAwAlBc7ce0.3xOVbxmfjGUVfW','https://res.cloudinary.com/doe6rzwse/image/upload/v1663062934/rywurihjjegsyms1zew3.jpg',_binary '','ROLE_CUSTOMER'),(1049,'abc','Nam','2023-10-13 00:00:00','','','','abc','$2a$10$BqEB5LFVv8iq4uppLtB.WurAMrxsH04hpazM/vUfikEG5cwbtRUPe','https://res.cloudinary.com/doe6rzwse/image/upload/v1663062934/rywurihjjegsyms1zew3.jpg',_binary '','ROLE_DRIVER'),(1050,'Employee','Nam','2023-10-19 00:00:00','','','','Employee','$2a$10$rdq3bSpvFaznRxAjAeKkdeqEtUN8A5J0af0/wmvmpc2XtqFl1JV3e','https://res.cloudinary.com/doe6rzwse/image/upload/v1663062934/rywurihjjegsyms1zew3.jpg',_binary '','ROLE_EMPLOYEE'),(1051,'Lua','Nu',NULL,'','','',NULL,NULL,NULL,NULL,NULL),(1052,'Lua','Nu',NULL,'','','',NULL,NULL,NULL,NULL,NULL);
/*!40000 ALTER TABLE `user` ENABLE KEYS */;
UNLOCK TABLES;
/*!40103 SET TIME_ZONE=@OLD_TIME_ZONE */;

/*!40101 SET SQL_MODE=@OLD_SQL_MODE */;
/*!40014 SET FOREIGN_KEY_CHECKS=@OLD_FOREIGN_KEY_CHECKS */;
/*!40014 SET UNIQUE_CHECKS=@OLD_UNIQUE_CHECKS */;
/*!40101 SET CHARACTER_SET_CLIENT=@OLD_CHARACTER_SET_CLIENT */;
/*!40101 SET CHARACTER_SET_RESULTS=@OLD_CHARACTER_SET_RESULTS */;
/*!40101 SET COLLATION_CONNECTION=@OLD_COLLATION_CONNECTION */;
/*!40111 SET SQL_NOTES=@OLD_SQL_NOTES */;

-- Dump completed on 2023-10-22 15:38:38
